RAJ,    00:06:04.8
DECJ,    +18:34:59
RAJ,    00:07:01.7
DECJ,    +73:03:07.4
RAJ,    00:14:17.75
DECJ,    47:46:33.4
RAJ,    00:23:16.87910
DECJ,    +09:23:23.871
RAJ,    00:23:50.35311
DECJ,    -72:04:31.4926
RAJ,    00:24:13.87934
DECJ,    -72:04:43.8405
RAJ,    00:24:11.1036
DECJ,    -72:05:20.1377
RAJ,    00:24:03.8539
DECJ,    -72:04:42.8065
RAJ,    00:24:07.9587
DECJ,    -72:04:39.6911
RAJ,    00:24:06.7014
DECJ,    -72:04:06.795
RAJ,    00:24:07.9330
DECJ,    -72:04:39.669
RAJ,    00:23:59.40735
DECJ,    -72:03:58.7914
RAJ,    00:24:03.771
DECJ,    -72:04:56.913
RAJ,    00:23:54.4877
DECJ,    -72:05:30.741
RAJ,    00:24:09.1865
DECJ,    -72:04:28.880
RAJ,    00:24:04.6512
DECJ,    -72:04:53.7552
RAJ,    00:24:05.67
DECJ,    -72:04:52.62
RAJ,    00:24:16.4891
DECJ,    -72:04:25.153
RAJ,    00:24:05.67
DECJ,    -72:04:52.62
RAJ,    00:24:03.9779
DECJ,    -72:04:42.342
RAJ,    00:24:08.548
DECJ,    -72:04:38.926
RAJ,    00:24:09.8351
DECJ,    -72:03:59.6760
RAJ,    00:24:05.67
DECJ,    -72:04:52.62
RAJ,    00:24:06.07
DECJ,    -72:04:49.02
RAJ,    00:24:05.67
DECJ,    -72:04:52.62
RAJ,    00:24:05.67
DECJ,    -72:04:52.62
RAJ,    00:24:05.67
DECJ,    -72:04:52.62
RAJ,    00:26:50.561
DECJ,    +63:20:00.87
RAJ,    00:33
DECJ,57
RAJ,    00:33
DECJ,61
RAJ,    00:34:08.8703
DECJ,    -07:21:53.409
RAJ,    00:34
DECJ,    +69:43
RAJ,    00:45:25.69
DECJ,    -70:42:07.1
RAJ,    00:45:35.16
DECJ,    -73:19:03.0
RAJ,    00:51:30.1
DECJ,    04:22:49
RAJ,    00:53
DECJ,    +69:39
RAJ,    00:54
DECJ,66
RAJ,    00:54:28
DECJ,    +69:26
RAJ,    00:57:44.0
DECJ,    -72:01:19
RAJ,    00:58
DECJ,    +61:25
RAJ,    00:59
DECJ,    +50:02
RAJ,    01:00:43.03
DECJ,    -72:11:33.6
RAJ,    01:01:11.1163
DECJ,    -64:22:30.171
RAJ,    01:03
DECJ,    +48:00
RAJ,    01:03:37
DECJ,    +54:02
RAJ,    01:06:25.06
DECJ,    +48:55:51.8
RAJ,    01:08:08.347016
DECJ,    -14:31:50.1871
RAJ,    01:11:28.77
DECJ,    -71:31:46.8
RAJ,    01:12
DECJ,    +66:22
RAJ,    01:13:11.09
DECJ,    -72:20:32.20
RAJ,    01:26
DECJ,    +62:35
RAJ,    01:31:28.51
DECJ,    -73:10:09.34
RAJ,    01:33:32.46
DECJ,    -69:57:29.68
RAJ,    01:36
DECJ,    +63:42
RAJ,    01:37:23.88
DECJ,    +16:54:42.1
RAJ,    01:39:38.56
DECJ,    +56:21:36.8
RAJ,    01:39:19.7401
DECJ,    +58:14:31.819
RAJ,    01:41
DECJ,    +63:08
RAJ,    01:46:22.42
DECJ,    +61:45:02.8
RAJ,    01:47:44.6457
DECJ,    +59:22:03.293
RAJ,    01:51:22.701
DECJ,    -06:35:02.8
RAJ,    01:52:23.73
DECJ,    +09:48:10
RAJ,    01:52:10.8536
DECJ,    -16:37:52.99
RAJ,    01:58:29
DECJ,    +21:08
RAJ,    02:01:41.344
DECJ,    +70:05:18.11
RAJ,    02:05:37.92247
DECJ,    +64:49:41.3343
RAJ,    02:06:01.268
DECJ,    -40:28:04.33
RAJ,    02:11:59.0
DECJ,    -81:59:36.2
RAJ,    02:12:52.2
DECJ,    +52:22:45
RAJ,    02:14:55.2713
DECJ,    +52:22:40.95
RAJ,    02:18:06.358569
DECJ,    +42:32:17.37515
RAJ,    02:29:03
DECJ,    +20:58
RAJ,    02:41:46
DECJ,    +16:04
RAJ,    02:42:35
DECJ,    +62:56:50
RAJ,    02:43
DECJ,    +60:27
RAJ,    02:44:51
DECJ,    +14:27
RAJ,    02:48:18.617
DECJ,    +60:21:34.72
RAJ,    02:55:56.221
DECJ,    -53:04:21.36
RAJ,    03:04:33.115
DECJ,    19:32:51.4
RAJ,    03:08
DECJ,    +74:00
RAJ,    03:23:26.618
DECJ,    39:44:52.9
RAJ,    03:24:55.46
DECJ,    +52:39:31.3
RAJ,    03:26
DECJ,    +67:49
RAJ,    03:29:08.55
DECJ,    +16:54:02
RAJ,    03:32:59.368
DECJ,    54:34:43.57
RAJ,    03:32:45
DECJ,    +79:10
RAJ,    03:37:43.82589
DECJ,    +17:15:14.828
RAJ,    03:39
DECJ,    +66:44
RAJ,    03:40:23.28819
DECJ,    +41:30:45.2903
RAJ,    03:41
DECJ,    +57:11
RAJ,    03:43:27.94
DECJ,    -30:00:27.5
RAJ,    03:48:43.639000
DECJ,    +04:32:11.4580
RAJ,    03:57:52.5
DECJ,    +32:05:25
RAJ,    03:58
DECJ,    +42:06
RAJ,    03:58:53.7165
DECJ,    54:13:13.727
RAJ,    03:58
DECJ,    +66:40
RAJ,    04:01:51.68
DECJ,    -76:08:13.8
RAJ,    04:06:30.082
DECJ,    +61:38:41.04
RAJ,    04:07:54.939
DECJ,    16:07:16.4
RAJ,    04:08
DECJ,55
RAJ,    04:08
DECJ,55
RAJ,    04:10:39
DECJ,    -31:07:29
RAJ,    04:13
DECJ,58
RAJ,    04:17:43
DECJ,    +35:45
RAJ,    04:17
DECJ,    +61:08
RAJ,    04:18:04.2
DECJ,    -41:54:10.8
RAJ,    04:18:33.867
DECJ,    +57:32:22.91
RAJ,    04:19
DECJ,44
RAJ,    04:20:01.95
DECJ,    -50:22:48.1
RAJ,    04:26:06.813
DECJ,    +49:33:38.46
RAJ,    04:35:34
DECJ,    +27:44
RAJ,    04:37:15.896173
DECJ,    -47:15:09.11071
RAJ,    04:47
DECJ,    -04:35
RAJ,    04:49:05.67
DECJ,    -70:31:31.7
RAJ,    04:50:08.781
DECJ,    -12:48:07.10
RAJ,    04:51:50
DECJ,    -67:18
RAJ,    04:52:34.1057
DECJ,    -17:59:23.371
RAJ,    04:53:45.41368
DECJ,    +15:59:21.3063
RAJ,    04:54:07.7506
DECJ,    +55:43:41.437
RAJ,    04:55:47.55
DECJ,    -69:51:34.3
RAJ,    04:56:30
DECJ,    -69:10
RAJ,    04:56:02.5
DECJ,    -70:31:06.6
RAJ,    04:57:06
DECJ,    +23:34:00
RAJ,    04:57:07.79
DECJ,    -63:37:30.4
RAJ,    04:57:02
DECJ,    -69:46
RAJ,    04:58:37.121
DECJ,    -05:05:05.1
RAJ,    04:58:59
DECJ,    -67:43
RAJ,    05:01:06.76
DECJ,    +45:16:33.92
RAJ,    05:02:04.561
DECJ,    46:54:06.09
RAJ,    05:02:50.53
DECJ,    -66:17:58.8
RAJ,    05:09:24
DECJ,    +08:57:00
RAJ,    05:09:59
DECJ,    +38:12
RAJ,    05:11:56.50
DECJ,    -65:08:36.5
RAJ,    05:14:06.6927
DECJ,    -40:02:48.897
RAJ,    05:14:51.84
DECJ,    -44:07:06.5
RAJ,    05:17:10
DECJ,    +22:16
RAJ,    05:19
DECJ,44
RAJ,    05:20
DECJ,    +54:25
RAJ,    05:19:46.917
DECJ,    -69:32:23.48
RAJ,    05:21:44
DECJ,    -68:35
RAJ,    05:22:23.06
DECJ,    -68:47:02.2
RAJ,    05:25:56.4483
DECJ,    11:15:19.08
RAJ,    05:26:00.9
DECJ,    -66:04:36.3
RAJ,    05:28:52.264
DECJ,    +22:00:04
RAJ,    05:29:50.92
DECJ,    -66:52:38.2
RAJ,    05:32:59.51
DECJ,    -66:39:37.3
RAJ,    05:32:04
DECJ,    -69:46
RAJ,    05:33:25.82
DECJ,    04:02:00.5
RAJ,    05:33
DECJ,67
RAJ,    05:34:31.973
DECJ,    +22:00:52.06
RAJ,    05:34:36.17
DECJ,    -67:03:48.8
RAJ,    05:35:40
DECJ,    -66:52
RAJ,    05:35
DECJ,    -69:35
RAJ,    05:36:30.79
DECJ,    -75:43:56.7
RAJ,    05:37:43
DECJ,    -69:21
RAJ,    05:37:47.416
DECJ,    -69:10:19.88
RAJ,    05:38:25.0572
DECJ,    +28:17:09.161
RAJ,    05:40:37.116
DECJ,    +32:07:37.3
RAJ,    05:40:11.202
DECJ,    -69:19:54.17
RAJ,    05:40:30.8
DECJ,    -71:25:31.4
RAJ,    05:42:35
DECJ,    -68:16
RAJ,    05:43:9.660
DECJ,    23:29:05
RAJ,    05:43:52.71
DECJ,    -68:51:25.3
RAJ,    05:45
DECJ,    -03:10
RAJ,    05:46:28.76
DECJ,    +24:41:21
RAJ,    05:54:05.01
DECJ,    +31:07:41
RAJ,    05:55
DECJ,    +39:48
RAJ,    05:55:01.85
DECJ,    -70:56:45.6
RAJ,    05:57:31.44918
DECJ,    +15:50:06.046
RAJ,    06:00:46.5
DECJ,    -57:56:54
RAJ,    06:01:58.9821
DECJ,    -05:27:50.56
RAJ,    06:05
DECJ,37
RAJ,    06:08:49
DECJ,    +00:39
RAJ,    06:09:58.8861
DECJ,    +21:30:2.84
RAJ,    06:10:13.59214
DECJ,    -21:00:28.0158
RAJ,    06:11
DECJ,    +37:18
RAJ,    06:11:16
DECJ,    30:16
RAJ,    06:13:43.975503
DECJ,    -02:00:47.21147
RAJ,    06:13:12.150
DECJ,    +37:31:38.3
RAJ,    06:14:17.16
DECJ,    22:30:36
RAJ,    06:14:10.3478
DECJ,    -33:29:54.118
RAJ,    06:14
DECJ,    +83:14
RAJ,    06:21:11.221
DECJ,    +03:36:45.52
RAJ,    06:21:22.11108
DECJ,    +10:02:38.741
RAJ,    06:21
DECJ,25
RAJ,    06:22:10.51
DECJ,    +37:49:13.6
RAJ,    06:23:46.759
DECJ,    +03:40:06.8
RAJ,    06:25:45
DECJ,    +10:16
RAJ,    06:27:53.6286
DECJ,    +06:49:54.13
RAJ,    06:27:44.175
DECJ,    +07:06:33.3
RAJ,    06:27:13
DECJ,    16:12
RAJ,    06:28:36.183
DECJ,    +09:09:13.9
RAJ,    06:29:05.728
DECJ,    24:15:43.3
RAJ,    06:30:26.956
DECJ,    -00:46:05.85
RAJ,    06:30:49.404393
DECJ,    -28:34:42.77881
RAJ,    06:31:27.524
DECJ,    +10:37:02.5
RAJ,    06:33:44.21
DECJ,    +06:32:34.9
RAJ,    06:33:54.1530
DECJ,    +17:46:12.909
RAJ,    06:33:08.86
DECJ,    -20:15:07.1
RAJ,    06:35:18
DECJ,    +05:33:11
RAJ,    06:36:33.744
DECJ,    -45:49:32.62
RAJ,    06:36:04.84645
DECJ,    +51:28:59.9625
RAJ,    06:45:59.081898
DECJ,    +51:58:14.9208
RAJ,    06:46
DECJ,    +80:09
RAJ,    06:46:30.995
DECJ,    +09:05:49.3
RAJ,    06:47:15.68
DECJ,    +09:13:59.5
RAJ,    06:52:11.106
DECJ,    -01:42:30.3
RAJ,    06:53:15.09
DECJ,    80:52:00.22
RAJ,    06:56:30.207
DECJ,    -22:28:25.55
RAJ,    06:56:48.990
DECJ,    -54:49:14.92
RAJ,    06:58:15.209
DECJ,    +00:22:35.3
RAJ,    06:59:48.134
DECJ,    14:14:21.5
RAJ,    07:00:37.802
DECJ,    64:18:11.20
RAJ,    07:02:39.3
DECJ,    -49:56:34.2
RAJ,    07:09:32.533
DECJ,    -59:23:55.60
RAJ,    07:11:36.18
DECJ,    +09:31:25
RAJ,    07:11:54.189114
DECJ,    -68:30:47.41446
RAJ,    07:19:07.380
DECJ,    -25:45:00.23
RAJ,    07:20:24.9620
DECJ,    -31:25:50.083
RAJ,    07:21:42.9047
DECJ,    -20:38:07.061
RAJ,    07:26:08.12
DECJ,    -26:12:38.1
RAJ,    07:29:16.45
DECJ,    -14:48:36.8
RAJ,    07:33:24.60
DECJ,    -23:45:56.2
RAJ,    07:34
DECJ,    -15:59
RAJ,    07:35:22
DECJ,    -62:58
RAJ,    07:37:44.071
DECJ,    -22:02:05.32
RAJ,    07:37:51.248419
DECJ,    -30:39:40.71431
RAJ,    07:37:51.248419
DECJ,    -30:39:40.71431
RAJ,    07:37
DECJ,    +69:14
RAJ,    07:38:32.329
DECJ,    -40:42:40.94
RAJ,    07:41
DECJ,    +41:04
RAJ,    07:42:49.058
DECJ,    -28:22:43.76
RAJ,    07:42
DECJ,    +66:20
RAJ,    07:45:02.3
DECJ,    -53:51:22
RAJ,    07:46:59.518
DECJ,    -45:29:26.65
RAJ,    07:46
DECJ,    +66:36
RAJ,    07:49:49.675
DECJ,    -42:47:42.14
RAJ,    07:50
DECJ,    +57:00
RAJ,    07:54:40.688
DECJ,    32:31:56.2
RAJ,    07:58:29.0708
DECJ,    -15:28:08.738
RAJ,    08:04:22.20
DECJ,    -36:47:35.5
RAJ,    08:06:05
DECJ,    +08:17
RAJ,    08:06:23.40
DECJ,    -41:22:30.9
RAJ,    08:07:47.185
DECJ,    -54:21:26.46
RAJ,    08:08:11.63
DECJ,    -39:37:52.9
RAJ,    08:09:43.890
DECJ,    -47:53:55.14
RAJ,    08:12:14.802
DECJ,    -39:05:48.92
RAJ,    08:14:59.50
DECJ,    74:29:05.70
RAJ,    08:15:08.776
DECJ,    +09:39:50.7
RAJ,    08:18:49.3
DECJ,    -30:49:31
RAJ,    08:18:25.935
DECJ,    -32:32:30.53
RAJ,    08:20:26.3817
DECJ,    -13:50:55.859
RAJ,    08:20:59.932
DECJ,    -38:26:42.88
RAJ,    08:20:49.11
DECJ,    -39:21:55.7
RAJ,    08:20:15.45
DECJ,    -41:14:36.4
RAJ,    08:21:44.636
DECJ,    -42:21:25.46
RAJ,    08:21:57.3653
DECJ,    -43:00:17.074
RAJ,    08:23:9.768
DECJ,    01:59:12.41
RAJ,    08:24:16
DECJ,    +00:27
RAJ,    08:26:51.3833
DECJ,    26:37:23.79
RAJ,    08:31:32.43
DECJ,    -44:06:11.9
RAJ,    08:34:16.3
DECJ,    -41:59:51
RAJ,    08:34:50
DECJ,    -60:35
RAJ,    08:35:03.08
DECJ,    -37:07:51.5
RAJ,    08:35:37
DECJ,    -42:32:37
RAJ,    08:35:20.61149
DECJ,    -45:10:34.8751
RAJ,    08:37:05.642
DECJ,    06:10:14.56
RAJ,    08:37:44
DECJ,    -24:47:48
RAJ,    08:37:21.1818
DECJ,    -41:35:14.37
RAJ,    08:38:18.801
DECJ,    -26:21:29.55
RAJ,    08:38:30.8
DECJ,    -39:47:22
RAJ,    08:40:33.88
DECJ,    -53:32:35.5
RAJ,    08:42:05.37
DECJ,    -48:51:20.8
RAJ,    08:43:33.82
DECJ,    +07:18:47.8
RAJ,    08:43:09.884
DECJ,    -50:22:43.10
RAJ,    08:47:57.33
DECJ,    -43:16:56.8
RAJ,    08:48:53
DECJ,    +16:43
RAJ,    08:49:42.59
DECJ,    -63:22:35.0
RAJ,    08:55:36.18
DECJ,    -46:44:13.4
RAJ,    08:55:19.57
DECJ,    -46:58:22.6
RAJ,    08:56:59.31
DECJ,    -61:37:53.3
RAJ,    08:57:55.159
DECJ,    -44:24:10.32
RAJ,    09:00:43.95364
DECJ,    -31:44:30.903
RAJ,    09:01:40.12
DECJ,    -46:24:48.5
RAJ,    09:02:32.4
DECJ,    -63:25:12.0
RAJ,    09:04:59.2
DECJ,    -42:46:14
RAJ,    09:04:10.8
DECJ,    -74:59:42.8
RAJ,    09:05:23.90
DECJ,    -45:36:53.0
RAJ,    09:05:51.922
DECJ,    -51:27:48.71
RAJ,    09:05:15.245
DECJ,    -60:19:22.06
RAJ,    09:07:15.900
DECJ,    -51:57:59.25
RAJ,    09:08:38.1822
DECJ,    -17:39:37.67
RAJ,    09:08:35.53
DECJ,    -49:13:06.5
RAJ,    09:09:36.0
DECJ,    -72:12:08.4
RAJ,    09:10
DECJ,    +77:28
RAJ,    09:12:42.70
DECJ,    -38:51:03
RAJ,    09:19:27.87
DECJ,    -60:40:50.4
RAJ,    09:22:14.022
DECJ,    06:38:23.30
RAJ,    09:22:14.961
DECJ,    -49:49:12.08
RAJ,    09:22
DECJ,-52
RAJ,    09:23:58
DECJ,    -31:57
RAJ,    09:24:08.69
DECJ,    -53:02:44.2
RAJ,    09:24:31.0
DECJ,    -58:14:06.4
RAJ,    09:27:37
DECJ,    +23:47
RAJ,    09:28:44
DECJ,    +06:14
RAJ,    09:31:19.1180
DECJ,    -19:02:55.015
RAJ,    09:32:39.15
DECJ,    -32:17:14.2
RAJ,    09:32:22.86
DECJ,    -53:27:11.0
RAJ,    09:34:58.20
DECJ,    -41:54:19.5
RAJ,    09:34:28.30
DECJ,    -52:49:27.2
RAJ,    09:40:58.22
DECJ,    -54:28:40.6
RAJ,    09:41:38
DECJ,    -39:41
RAJ,    09:41:41.147
DECJ,    -52:44:04.48
RAJ,    09:42:15.83
DECJ,    -55:52:52.3
RAJ,    09:42:54.462
DECJ,    -56:57:43.44
RAJ,    09:43:30.10
DECJ,    16:31:37
RAJ,    09:43:25
DECJ,    +22:56
RAJ,    09:43
DECJ,    +41:09
RAJ,    09:44:28.9559
DECJ,    -13:54:41.63
RAJ,    09:45:38.254
DECJ,    -48:33:14.50
RAJ,    09:46:07.6
DECJ,    09:51:55
RAJ,    09:47:22
DECJ,    +27:42
RAJ,    09:49:20.567
DECJ,    -69:02:41.60
RAJ,    09:52:17.2
DECJ,    -38:39:10.2
RAJ,    09:53:09.3097
DECJ,    07:55:35.75
RAJ,    09:54:06.04
DECJ,    -54:30:53.5
RAJ,    09:55:29.50
DECJ,    -53:04:16.7
RAJ,    09:55
DECJ,    -61:48
RAJ,    09:57
DECJ,    -06:17
RAJ,    09:57:56.01
DECJ,    -54:32:03.9
RAJ,    09:59:26.26
DECJ,    -48:09:47.5
RAJ,    10:00:28.141
DECJ,    -51:49:58.12
RAJ,    10:01:37.98
DECJ,    -55:07:06.7
RAJ,    10:01:08.60
DECJ,    -55:59:00.2
RAJ,    10:01:32.23
DECJ,    -59:39:17.8
RAJ,    10:02:57.9
DECJ,    -55:59:37
RAJ,    10:02:20.50
DECJ,    -59:19:37.2
RAJ,    10:03:21.58
DECJ,    -47:47:02.0
RAJ,    10:06:36.60
DECJ,    -63:11:41.2
RAJ,    10:10:00
DECJ,    +15:51
RAJ,    10:12:07
DECJ,    -42:35
RAJ,    10:12:33.434101
DECJ,    +53:07:02.60070
RAJ,    10:12:54.9
DECJ,    -58:30:25.6
RAJ,    10:12:48.5
DECJ,    -58:57:40
RAJ,    10:13:31.854
DECJ,    -59:34:26.7
RAJ,    10:14:18
DECJ,    -48:49:42
RAJ,    10:15:37.96
DECJ,    -57:19:12.8
RAJ,    10:16:31.2
DECJ,    -53:45:13.8
RAJ,    10:16:12.100
DECJ,    -58:19:01.15
RAJ,    10:16:21.16
DECJ,    -58:57:12.1
RAJ,    10:17:12.86
DECJ,    -56:21:30.7
RAJ,    10:17:51.32828
DECJ,    -71:56:41.64586
RAJ,    10:19:52.14
DECJ,    -57:49:05.9
RAJ,    10:20:14.03
DECJ,    -59:21:34
RAJ,    10:20:11.40
DECJ,    -60:26:06.8
RAJ,    10:21:24.82
DECJ,    -56:01:50.9
RAJ,    10:22:58.0007
DECJ,    +10:01:52.77
RAJ,    10:22:28.1
DECJ,    -58:13:30
RAJ,    10:23:47.68720
DECJ,    00:38:40.8455
RAJ,    10:23:02.9
DECJ,    -57:46:05
RAJ,    10:24:38.678633
DECJ,    -07:19:19.36778
RAJ,    10:28:28.0
DECJ,    -58:19:05.2
RAJ,    10:31:02.24
DECJ,    -61:17:50.6
RAJ,    10:32:27.69
DECJ,    -52:06:08.5
RAJ,    10:32:07
DECJ,    -59:10
RAJ,    10:35:03.08
DECJ,    -63:45:18.41
RAJ,    10:36:13.073
DECJ,    -49:26:21.77
RAJ,    10:36:20.04
DECJ,    -65:59:09.27
RAJ,    10:36
DECJ,    -83:17
RAJ,    10:38:26.933
DECJ,    +00:32:43.6
RAJ,    10:38:19.70
DECJ,    -58:31:27.18
RAJ,    10:41:36.196
DECJ,    -19:42:13.61
RAJ,    10:42:00.61
DECJ,    -55:21:05.5
RAJ,    10:43:55.29
DECJ,    -61:16:50.8
RAJ,    10:44:32.8
DECJ,    -57:37:19.3
RAJ,    10:45:50.18696
DECJ,    -45:09:54.1223
RAJ,    10:46:43.23
DECJ,    +03:04:06.9
RAJ,    10:46:18.87
DECJ,    -58:13:51.8
RAJ,    10:47:56
DECJ,    -58:41
RAJ,    10:47:28.282
DECJ,    -67:09:51.066
RAJ,    10:48:12.2
DECJ,    -58:32:05.8
RAJ,    10:49:50.34
DECJ,    -58:33:44.6
RAJ,    10:50:07.12
DECJ,    -59:53:21.4
RAJ,    10:52:38.11
DECJ,    -59:54:44.1
RAJ,    10:52:53.39
DECJ,    -63:48:16.6
RAJ,    10:54:57.75
DECJ,    -59:43:14.1
RAJ,    10:54:30.46
DECJ,    -59:46:31.0
RAJ,    10:54:08.84
DECJ,    -64:52:37.5
RAJ,    10:55:48.5
DECJ,    -60:22:52
RAJ,    10:55:39.19
DECJ,    -60:28:37.5
RAJ,    10:55:54.61
DECJ,    -62:36:48.3
RAJ,    10:55:44.71
DECJ,    -69:05:11.4
RAJ,    10:56:43.79
DECJ,    -57:09:34.5
RAJ,    10:56:25.55
DECJ,    -62:58:47.6
RAJ,    10:56:45.980
DECJ,    -71:17:53.394
RAJ,    10:57:53.138
DECJ,    -47:54:57.60
RAJ,    10:57:58.965
DECJ,    -52:26:56.26
RAJ,    10:57:27.4
DECJ,    -79:14:24.2
RAJ,    10:58:34.25
DECJ,    -59:57:36.4
RAJ,    10:59:00.90
DECJ,    -57:42:14.2
RAJ,    11:01:44.96
DECJ,    -61:01:39.6
RAJ,    11:01:37.1923
DECJ,    -64:24:39.332
RAJ,    11:02
DECJ,    +65:07
RAJ,    11:03:33.294
DECJ,    -54:03:43.245
RAJ,    11:03:31.48
DECJ,    -60:25:36.39
RAJ,    11:04:17.262
DECJ,    -61:03:03.88
RAJ,    11:05:24
DECJ,    -43:57:01
RAJ,    11:05:26.17
DECJ,    -61:07:51.4
RAJ,    11:06:28.44
DECJ,    -64:39:00.0
RAJ,    11:07:34.46
DECJ,    -59:07:18.7
RAJ,    11:07:58.7
DECJ,    -59:47:04
RAJ,    11:07:12.3
DECJ,    -61:43:59
RAJ,    11:10:00.40
DECJ,    -56:37:32.9
RAJ,    11:11
DECJ,    +58:52
RAJ,    11:12:14.81
DECJ,    -61:03:31.1
RAJ,    11:12:38.53
DECJ,    -66:13:04.8
RAJ,    11:12:51.0
DECJ,    -69:26:31.0
RAJ,    11:14:22.52
DECJ,    -61:00:34.2
RAJ,    11:15:38.400
DECJ,    50:30:12.29
RAJ,    11:15:53.68
DECJ,    -60:52:17.8
RAJ,    11:16:43.086
DECJ,    -41:22:43.96
RAJ,    11:17:23.81
DECJ,    -61:54:22
RAJ,    11:17:45.0
DECJ,    -64:47:58
RAJ,    11:19:14.30
DECJ,    -61:27:49.5
RAJ,    11:19:40.8
DECJ,    -79:36:30.3
RAJ,    11:20:22.40
DECJ,    -36:18:32.2
RAJ,    11:21:19.189
DECJ,    -54:44:05.5
RAJ,    11:25:58
DECJ,    +78:23
RAJ,    11:23:15.651
DECJ,    -48:44:22.75
RAJ,    11:23:41.70
DECJ,    -61:02:06.2
RAJ,    11:23:55.549
DECJ,    -62:59:10.74
RAJ,    11:23:52.210
DECJ,    -66:51:49.07
RAJ,    11:24
DECJ,    -36:00
RAJ,    11:24:56.47
DECJ,    -56:38:39.7
RAJ,    11:24:39.0
DECJ,    -59:16:19
RAJ,    11:24:59.5
DECJ,    -64:21:17
RAJ,    11:25:44.36564
DECJ,    -58:25:16.8798
RAJ,    11:25:55.2180
DECJ,    -60:14:06.608
RAJ,    11:26
DECJ,    -27:37
RAJ,    11:26:52.608
DECJ,    -60:54:39.96
RAJ,    11:26:21.67
DECJ,    -69:42:15.3
RAJ,    11:28:46.7
DECJ,    -62:19:09
RAJ,    11:29:21
DECJ,    -53:31
RAJ,    11:30:16.33
DECJ,    -58:26:02.3
RAJ,    11:30:10.44
DECJ,    -59:25:34.1
RAJ,    11:30:31.913
DECJ,    -68:07:28.52
RAJ,    11:32:33
DECJ,    -46:55:06
RAJ,    11:32:15.74
DECJ,    -56:27:28.9
RAJ,    11:33:51.45
DECJ,    -62:50:50.6
RAJ,    11:35:56
DECJ,    -49:25:31
RAJ,    11:35
DECJ,    -60:55
RAJ,    11:36:03.2477
DECJ,    15:51:04.48
RAJ,    11:36:02.17
DECJ,    -55:25:08.3
RAJ,    11:37:32.089
DECJ,    -67:00:33.01
RAJ,    11:38:21.62
DECJ,    -62:07:59.3
RAJ,    11:41:25.629
DECJ,    -31:07:52.6
RAJ,    11:41:07.0140
DECJ,    -65:45:19.1131
RAJ,    11:42
DECJ,    +01:19
RAJ,    11:42:52.5
DECJ,    -62:30:03.9
RAJ,    11:43:15.065
DECJ,    -51:58:39.89
RAJ,    11:43:09.79
DECJ,    -55:36:04.5
RAJ,    11:44:34.8
DECJ,    -61:46:49
RAJ,    11:44:02.11
DECJ,    -62:17:30.3
RAJ,    11:46:07.74
DECJ,    -60:30:59.4
RAJ,    11:47
DECJ,-66
RAJ,    11:48:28.53
DECJ,    -57:25:12.6
RAJ,    11:48:37.8
DECJ,    -64:15:33
RAJ,    11:51:56.86
DECJ,    -61:08:17.6
RAJ,    11:52:10.0
DECJ,    -58:00:34
RAJ,    11:52:53.8
DECJ,    -60:12:21
RAJ,    11:53
DECJ,    -21:18
RAJ,    11:54:20.1
DECJ,    -62:50:02.7
RAJ,    11:56:07.45
DECJ,    -57:07:01.9
RAJ,    11:56:21.5
DECJ,    -59:09:12.3
RAJ,    11:57:08.166
DECJ,    -51:12:56.14
RAJ,    11:57:15.240
DECJ,    -62:24:50.87
RAJ,    11:59:21.7
DECJ,    -64:09:57
RAJ,    11:59:35.71
DECJ,    -79:10:05.6
RAJ,    12:01:23.01
DECJ,    -63:06:59.5
RAJ,    12:02:28.403
DECJ,    -58:20:33.4
RAJ,    12:04:36.72
DECJ,    -68:43:17.19
RAJ,    12:07:21.81
DECJ,    -50:50:30.3
RAJ,    12:10:00.91
DECJ,    -52:26:28.4
RAJ,    12:10:05.988
DECJ,    -55:59:03.92
RAJ,    12:10:42.0
DECJ,    -65:50:04.6
RAJ,    12:11:24.18
DECJ,    -63:24:45.2
RAJ,    12:14:08.42
DECJ,    -58:30:25.9
RAJ,    12:15:00.62
DECJ,    -53:28:31.6
RAJ,    12:16:20
DECJ,    -50:27:01
RAJ,    12:16:41.89
DECJ,    -62:23:57.8
RAJ,    12:16:07.3396
DECJ,    -64:10:09.226
RAJ,    12:20:17.86
DECJ,    -63:18:46.5
RAJ,    12:22:52.3
DECJ,    -57:38:20
RAJ,    12:24:44.25
DECJ,    -62:08:41.1
RAJ,    12:24:22.185
DECJ,    -64:07:53.91
RAJ,    12:25:43.827
DECJ,    -55:56:43.14
RAJ,    12:25:28.63
DECJ,    -60:35:37.6
RAJ,    12:25:42.8
DECJ,    -64:08:43
RAJ,    12:26:50
DECJ,    -32:27
RAJ,    12:27:58.724
DECJ,    -48:53:42.741
RAJ,    12:27:00.4413
DECJ,    -62:08:43.789
RAJ,    12:27:12
DECJ,    -63:09
RAJ,    12:31:11.3132
DECJ,    -14:11:43.63
RAJ,    12:31:45.76
DECJ,    -46:09:45.2
RAJ,    12:31:13.0
DECJ,    -63:03:18
RAJ,    12:32:19.1
DECJ,    -47:42:50.9
RAJ,    12:32:17.840
DECJ,    -65:01:03.33
RAJ,    12:33:31.5
DECJ,    -63:12:29
RAJ,    12:33:39.9
DECJ,    -63:44:55
RAJ,    12:35:19
DECJ,    -55:16
RAJ,    12:35:57.72
DECJ,    -63:54:30.4
RAJ,    12:36:59.15
DECJ,    -50:33:36.3
RAJ,    12:37:25.9
DECJ,    -67:25:33.9
RAJ,    12:39:40.4614
DECJ,    24:53:49.29
RAJ,    12:39:59.0
DECJ,    -68:32:27.7
RAJ,    12:40:17.61
DECJ,    -41:24:51.7
RAJ,    12:43:35.38
DECJ,    -57:35:42.8
RAJ,    12:43:17.158
DECJ,    -64:23:23.85
RAJ,    12:44:11.48
DECJ,    -50:53:20.6
RAJ,    12:44:47.693
DECJ,    -63:59:47.4
RAJ,    12:44:38.3
DECJ,    -65:31:12
RAJ,    12:45:21.12
DECJ,    -62:38:55.9
RAJ,    12:46:38
DECJ,    +22:53
RAJ,    12:48:46.36
DECJ,    -63:44:09.6
RAJ,    12:48:32.87
DECJ,    -64:44:00.0
RAJ,    12:49:54.32
DECJ,    -65:07:19.8
RAJ,    12:51:52.94
DECJ,    -74:07:15.04
RAJ,    12:52:42.62
DECJ,    -63:14:32.7
RAJ,    12:53:28.342
DECJ,    -58:20:40.89
RAJ,    12:54:32.48
DECJ,    -61:50:50.8
RAJ,    12:55:54.86
DECJ,    -61:31:10.1
RAJ,    12:55:18
DECJ,    -62:48
RAJ,    12:59:22.7
DECJ,    -67:41:40
RAJ,    13:00:03.5767
DECJ,    +12:40:56.4721
RAJ,    13:01:38.26
DECJ,    +08:33:57.5
RAJ,    13:01:45.76
DECJ,    -63:05:33.9
RAJ,    13:01:28.30
DECJ,    -63:10:40.5
RAJ,    13:02
DECJ,    -32:00
RAJ,    13:02:04
DECJ,    -63:44:53
RAJ,    13:02:19.2
DECJ,    -63:13:29
RAJ,    13:02:47.6426
DECJ,    -63:50:08.665
RAJ,    13:03:00.02
DECJ,    -63:05:00.8
RAJ,    13:05:20.9
DECJ,    -62:03:21.6
RAJ,    13:05:28.0
DECJ,    -62:56:39
RAJ,    13:05:23.7
DECJ,    -64:55:26.3
RAJ,    13:05:36
DECJ,    -66:39
RAJ,    13:06:44.6
DECJ,    -62:42:03
RAJ,    13:06:38.19
DECJ,    -66:17:21.8
RAJ,    13:07:54.7
DECJ,    -63:18:35
RAJ,    13:07:41
DECJ,    -67:03:27
RAJ,    13:08:48.27
DECJ,    +21:27:06.78
RAJ,    13:08:44.589
DECJ,    -46:50:29.7
RAJ,    13:08:21.08
DECJ,    -58:44:13.8
RAJ,    13:09:16.6
DECJ,    -64:15:59
RAJ,    13:09:00.29
DECJ,    -65:26:16.6
RAJ,    13:11:45.7242
DECJ,    -34:30:30.350
RAJ,    13:12
DECJ,    +00:51
RAJ,    13:12:55
DECJ,    +18:10
RAJ,    13:12:04.6
DECJ,    -54:02:42
RAJ,    13:12:53.83
DECJ,    -55:16:47.1
RAJ,    13:12:07.16
DECJ,    -64:00:55.6
RAJ,    13:13:23.0
DECJ,    +09:31:56
RAJ,    13:14:23.4
DECJ,    -61:01:16
RAJ,    13:16:46.3
DECJ,    -62:32:12.2
RAJ,    13:17:46.29
DECJ,    -57:59:30.5
RAJ,    13:17:44.69
DECJ,    -63:02:52.2
RAJ,    13:19:20.29
DECJ,    -60:56:46.67
RAJ,    13:19:26.32
DECJ,    -61:05:26.2
RAJ,    13:20:12.68
DECJ,    -35:12:26.0
RAJ,    13:20:53.922
DECJ,    -53:59:06.38
RAJ,    13:20
DECJ,    +67:30
RAJ,    13:21:39.56
DECJ,    -59:22:52.1
RAJ,    13:21:46.18
DECJ,    83:23:38.92
RAJ,    13:22:54
DECJ,    -62:51
RAJ,    13:22:32.15
DECJ,    -62:41:53.5
RAJ,    13:22:18.0
DECJ,    -63:29:37
RAJ,    13:24:43.9
DECJ,    -61:46:00
RAJ,    13:24:13.65
DECJ,    -63:02:21.1
RAJ,    13:26:58.27
DECJ,    -58:59:29.1
RAJ,    13:26:32.6
DECJ,    -64:08:44
RAJ,    13:26:03.2
DECJ,    -67:00:51
RAJ,    13:27:57.5880
DECJ,    -07:55:29.80
RAJ,    13:27:17.4
DECJ,    -62:22:44.6
RAJ,    13:27:07.47
DECJ,    -63:01:15.39
RAJ,    13:27:10.27
DECJ,    -64:00:13.1
RAJ,    13:28:06.432
DECJ,    -43:57:44.12
RAJ,    13:28:33.58
DECJ,    -49:21:33.4
RAJ,    13:29:03.3
DECJ,    -61:58:59
RAJ,    13:31:00.01
DECJ,    -52:45:25.4
RAJ,    13:32
DECJ,    -03:26
RAJ,    13:33:44.829
DECJ,    -44:49:26.22
RAJ,    13:34:30.1091
DECJ,    -58:39:16.545
RAJ,    13:35:36
DECJ,    -36:42
RAJ,    13:37:20.35
DECJ,    -63:06:23.3
RAJ,    13:37:31.883
DECJ,    -64:23:04.915
RAJ,    13:38:09.35
DECJ,    -62:04:18.7
RAJ,    13:39:56.5886
DECJ,    -47:12:05.52
RAJ,    13:39:56.6
DECJ,    -66:18:07.8
RAJ,    13:40:00.32
DECJ,    -64:56:42.9
RAJ,    13:41:07.37
DECJ,    -60:23:34.7
RAJ,    13:41:42.63
DECJ,    -62:20:20.7
RAJ,    13:42:11
DECJ,    +28:22:32
RAJ,    13:42:11.0871
DECJ,    +28:22:40.141
RAJ,    13:42:11
DECJ,    +28:22:32
RAJ,    13:42:10.2
DECJ,    +28:22:36
RAJ,    13:44:39.6
DECJ,    -60:59:31
RAJ,    13:45:44.43
DECJ,    -61:15:30.6
RAJ,    13:46:22.35
DECJ,    -49:18:07.2
RAJ,    13:47:19.38
DECJ,    -59:47:39.8
RAJ,    13:48:42.4
DECJ,    -63:07:4
RAJ,    13:49:36.65
DECJ,    -61:30:17.1
RAJ,    13:49:18
DECJ,    -63:56
RAJ,    13:50:16.118
DECJ,    -51:15:24.77
RAJ,    13:52:34.45
DECJ,    -68:03:37.1
RAJ,    13:54:35
DECJ,    -62:49:30
RAJ,    13:55:58.68
DECJ,    -51:53:53.8
RAJ,    13:55:36.95
DECJ,    -57:47:15
RAJ,    13:55:59.11
DECJ,    -59:25:00.9
RAJ,    13:55:21.34
DECJ,    -62:06:20.1
RAJ,    13:56:50.558
DECJ,    -55:21:12.96
RAJ,    13:57:25
DECJ,    -62:28
RAJ,    13:57:02.43
DECJ,    -64:29:30.2
RAJ,    13:58:42
DECJ,    -25:33
RAJ,    13:59:58.22
DECJ,    -60:38:08.0
RAJ,    14:00:30.34
DECJ,    -14:38:14.4
RAJ,    14:00:45.69
DECJ,    -63:25:42.6
RAJ,    14:01:52.48
DECJ,    -63:57:45.54
RAJ,    14:02:57
DECJ,    -51:24
RAJ,    14:03:14.0
DECJ,    -63:10:27
RAJ,    14:03:04.1
DECJ,    -76:46:57.5
RAJ,    14:04:40
DECJ,    +12:03
RAJ,    14:05:21.4255
DECJ,    -46:56:02.31
RAJ,    14:05:12.41
DECJ,    -56:41:24.2
RAJ,    14:06:01.2
DECJ,    -58:06:32
RAJ,    14:06:50.04
DECJ,    -61:21:27.9
RAJ,    14:07:58.64
DECJ,    -60:48:58.8
RAJ,    14:07:56.5
DECJ,    -61:53:59
RAJ,    14:09:16.9
DECJ,    -69:53:34.4
RAJ,    14:10:24
DECJ,    -61:32
RAJ,    14:10:07.370
DECJ,    -74:04:53.32
RAJ,    14:12:59.62
DECJ,    -61:11:30.5
RAJ,    14:12:07.69
DECJ,    -61:45:28.8
RAJ,    14:12:55.84
DECJ,    +79:22:03.7
RAJ,    14:13:09.87
DECJ,    -61:41:13
RAJ,    14:13:29.9
DECJ,    -62:05:38
RAJ,    14:13:05.47
DECJ,    -62:22:27.8
RAJ,    14:13:31.316
DECJ,    -63:07:35.45
RAJ,    14:14:25.7
DECJ,    -68:02:58
RAJ,    14:15:31.27
DECJ,    -66:21:12.2
RAJ,    14:16:44.6
DECJ,    -50:33:17
RAJ,    14:16:30.59
DECJ,    -60:37:59.5
RAJ,    14:18:50.283
DECJ,    -39:21:18.51
RAJ,    14:18:32.3
DECJ,    -59:45:00
RAJ,    14:18:42.7
DECJ,    -60:57:49
RAJ,    14:20:29.1
DECJ,    -54:16:23
RAJ,    14:20:03.062
DECJ,    -56:25:55.00
RAJ,    14:20:08.237
DECJ,    -60:48:16.43
RAJ,    14:22:27.07
DECJ,    -61:38:28
RAJ,    14:23:26.79
DECJ,    -69:53:42.82
RAJ,    14:24:12.76
DECJ,    -55:56:13.9
RAJ,    14:24:23
DECJ,    -56:40:47
RAJ,    14:24:32.11
DECJ,    -58:22:56.0
RAJ,    14:24:59.2
DECJ,    -64:38:10.0
RAJ,    14:25:36.56
DECJ,    -57:23:30.8
RAJ,    14:25:59.11
DECJ,    -57:59:10.2
RAJ,    14:25:07.7
DECJ,    -62:10:04.9
RAJ,    14:27:50.770
DECJ,    -41:58:56.3
RAJ,    14:28:26.297
DECJ,    -55:30:50.2
RAJ,    14:29:58.6
DECJ,    -59:11:36.6
RAJ,    14:29:25.90
DECJ,    -59:35:58.9
RAJ,    14:30:40.872
DECJ,    -66:23:05.04
RAJ,    14:31:44.6177
DECJ,    -47:15:27.574
RAJ,    14:31:03.4953
DECJ,    -57:40:11.670
RAJ,    14:32:52.27
DECJ,    -50:32:17.3
RAJ,    14:33:13.18
DECJ,    -60:38:34.7
RAJ,    14:34:05.3
DECJ,    -60:06:29.0
RAJ,    14:34:39.1
DECJ,    -60:29:49
RAJ,    14:33:59.7370
DECJ,    +72:57:26.512
RAJ,    14:35:00.36
DECJ,    -59:54:49.2
RAJ,    14:35:20.2765
DECJ,    -61:00:57.956
RAJ,    14:37:01.91
DECJ,    -59:59:01.4
RAJ,    14:37:15.31
DECJ,    -61:46:02.0
RAJ,    14:39:39.7420
DECJ,    -55:01:23.621
RAJ,    14:39
DECJ,    +76:55
RAJ,    14:40:31.307
DECJ,    -63:44:47.6
RAJ,    14:41:44.3
DECJ,    -61:37:24
RAJ,    14:43:26.97
DECJ,    -51:22:26
RAJ,    14:44:46.5
DECJ,    -59:41:19
RAJ,    14:44:06.02
DECJ,    -60:26:09.4
RAJ,    14:46:35.71391
DECJ,    -47:01:26.7675
RAJ,    14:49:25.43
DECJ,    -58:46:40.4
RAJ,    14:52:52.58
DECJ,    -58:51:13.3
RAJ,    14:52:51.898
DECJ,    -60:36:31.35
RAJ,    14:53:45.7175
DECJ,    +19:02:12.224
RAJ,    14:53:32.737
DECJ,    -64:13:15.59
RAJ,    14:54:10.908
DECJ,    -58:46:34.74
RAJ,    14:55:47.97069
DECJ,    -33:30:46.3833
RAJ,    14:55:06
DECJ,    -59:23
RAJ,    14:56:00.158
DECJ,    -68:43:39.25
RAJ,    14:57:40.19
DECJ,    -51:22:53
RAJ,    14:57:39.0
DECJ,    -59:00:51
RAJ,    14:57:31.9
DECJ,    -59:02:04
RAJ,    14:59:29.99
DECJ,    -60:53:20.7
RAJ,    15:01:44.9558
DECJ,    -00:46:23.52
RAJ,    15:01:51.0
DECJ,    -56:37:48
RAJ,    15:02:57.389
DECJ,    -56:53:39.21
RAJ,    15:02:43.8
DECJ,    -58:28:42
RAJ,    15:02:29.84
DECJ,    -61:28:50.3
RAJ,    15:02:18.615
DECJ,    -67:52:16.759
RAJ,    15:03:54.60
DECJ,    +21:11:09.3
RAJ,    15:04:49.14
DECJ,    -56:21:32
RAJ,    15:06:39.5
DECJ,    -51:58:10
RAJ,    15:07:34.18
DECJ,    -43:52:03.2
RAJ,    15:07:48.66
DECJ,    -66:40:57.1
RAJ,    15:09:25.6298
DECJ,    +55:31:32.394
RAJ,    15:09:27.13
DECJ,    -58:50:56.1
RAJ,    15:09:07.5
DECJ,    -60:15:18.6
RAJ,    15:10:48.9
DECJ,    -44:22:07
RAJ,    15:11:51.308
DECJ,    -54:14:40.3
RAJ,    15:11:07.0
DECJ,    -58:35:28
RAJ,    15:12:05.7
DECJ,    -54:31:19
RAJ,    15:12:43.026
DECJ,    -57:59:59.8
RAJ,    15:13:58.99
DECJ,    -57:39:01.4
RAJ,    15:13:55.62
DECJ,    -59:08:09.0
RAJ,    15:13:44.78
DECJ,    -59:46:31.9
RAJ,    15:14:14.56
DECJ,    -48:34:19.5
RAJ,    15:14:19.1141
DECJ,    -49:46:15.516
RAJ,    15:14:59.10
DECJ,    -59:25:43.3
RAJ,    15:15:09.3
DECJ,    -57:20:49
RAJ,    15:17:27.34
DECJ,    -43:56:17.9
RAJ,    15:17:29.376
DECJ,    -46:36:00.6
RAJ,    15:18:33.3176
DECJ,    02:05:27.55
RAJ,    15:18:31.458
DECJ,    02:05:15.47
RAJ,    15:18:32.788893
DECJ,    +02:04:47.8153
RAJ,    15:18:34
DECJ,    +02:04:58
RAJ,    15:18:34
DECJ,    +02:04:58
RAJ,    15:18:59.1104
DECJ,    -06:27:07.70
RAJ,    15:18:16.799084
DECJ,    49:04:34.25119
RAJ,    15:18:13.50
DECJ,    -54:15:45.0
RAJ,    15:19:47.59
DECJ,    -57:34:13.6
RAJ,    15:19:35.81
DECJ,    -61:06:54.6
RAJ,    15:19:09.56
DECJ,    -63:08:19.5
RAJ,    15:22:06.7
DECJ,    -55:25:17.5
RAJ,    15:22:05.3
DECJ,    -57:35:00
RAJ,    15:22:42.27
DECJ,    -58:29:02.7
RAJ,    15:24:49.86
DECJ,    -56:25:23.4
RAJ,    15:24:21.43
DECJ,    -57:06:35
RAJ,    15:24:24.65
DECJ,    -58:19:14.1
RAJ,    15:25:28.35
DECJ,    -54:17:20
RAJ,    15:25:36.064
DECJ,    -55:23:27.2
RAJ,    15:25:28.1340
DECJ,    -55:45:49.842
RAJ,    15:25:41.45
DECJ,    -56:05:13
RAJ,    15:26:41.2
DECJ,    -56:33:43
RAJ,    15:27:58.93
DECJ,    -39:31:35
RAJ,    15:27:40.9
DECJ,    -55:52:07
RAJ,    15:28:34.9542
DECJ,    -31:46:06.836
RAJ,    15:28:08.033
DECJ,    -41:09:28.8
RAJ,    15:28:39.18
DECJ,    -55:47:23
RAJ,    15:29:15.1066
DECJ,    -38:28:45.85
RAJ,    15:29:57.6
DECJ,    -53:55:36
RAJ,    15:29:35.8
DECJ,    -56:11:29
RAJ,    15:30:26.87
DECJ,    -53:27:56.3
RAJ,    15:30:52
DECJ,    -63:43:33
RAJ,    15:31:08.05
DECJ,    -40:12:30.9
RAJ,    15:31:27.91
DECJ,    -56:10:55.0
RAJ,    15:32:35.5
DECJ,    -53:08:06
RAJ,    15:32:18
DECJ,    -56:32
RAJ,    15:34:52.00
DECJ,    -44:28:09.4
RAJ,    15:34:08
DECJ,    -46:14
RAJ,    15:34:08.37
DECJ,    -53:34:19.3
RAJ,    15:34:33.59
DECJ,    -54:05:39.7
RAJ,    15:35:17.07
DECJ,    -41:14:03.1
RAJ,    15:35:55.92
DECJ,    -44:15:08.4
RAJ,    15:35:58.26
DECJ,    -54:50:26
RAJ,    15:35:16.76
DECJ,    -58:48:27.7
RAJ,    15:36:17.382
DECJ,    -36:02:58.8
RAJ,    15:36
DECJ,    -49:48
RAJ,    15:36:04.82
DECJ,    -54:33:15
RAJ,    15:36:17.72
DECJ,    -59:07:03.6
RAJ,    15:37:09.961730
DECJ,    +11:55:55.43387
RAJ,    15:37:28.2
DECJ,    -49:12:03
RAJ,    15:37:15.73
DECJ,    -51:53:06
RAJ,    15:37:51.0
DECJ,    -56:45:4
RAJ,    15:38:06.07
DECJ,    +23:45:04.0
RAJ,    15:38:48.95
DECJ,    -54:38:17
RAJ,    15:38:40.83
DECJ,    -55:19:46
RAJ,    15:38:45.03
DECJ,    -55:51:36.9
RAJ,    15:38:43.29
DECJ,    -56:21:55.5
RAJ,    15:38:05.7
DECJ,    -56:38:12
RAJ,    15:38:18.18
DECJ,    -57:32:29.3
RAJ,    15:38:08.41
DECJ,    -57:50:17.1
RAJ,    15:39:40.84
DECJ,    -48:28:57
RAJ,    15:39:07.97
DECJ,    -55:21:11.2
RAJ,    15:39:13.96
DECJ,    -56:26:25.4
RAJ,    15:39:24.70
DECJ,    -63:22:53.2
RAJ,    15:40:59.02
DECJ,    -57:36:57
RAJ,    15:41:55
DECJ,    -42:18:50
RAJ,    15:41:49.6
DECJ,    -55:35:01
RAJ,    15:42:45.471
DECJ,    -50:34:01.4
RAJ,    15:42:19.93
DECJ,    -51:33:35
RAJ,    15:42:54.51
DECJ,    -53:03:41
RAJ,    15:43:30.1579
DECJ,    -06:20:45.25
RAJ,    15:43:38.8250
DECJ,    +09:29:16.339
RAJ,    15:43:58.25
DECJ,    -50:13:58
RAJ,    15:43:44.1498
DECJ,    -51:49:54.685
RAJ,    15:43:56.25
DECJ,    -54:59:13.7
RAJ,    15:44:04.48722
DECJ,    +49:37:55.2545
RAJ,    15:44:59.844
DECJ,    -53:08:46.5
RAJ,    15:45:55.94596
DECJ,    -45:50:37.5272
RAJ,    15:46:03.44
DECJ,    -37:47:10.1
RAJ,    15:46:07.4
DECJ,    -53:02:23.0
RAJ,    15:46
DECJ,-59
RAJ,    15:47:46.058
DECJ,    -09:44:7.8
RAJ,    15:47:30.60
DECJ,    -57:50:29.4
RAJ,    15:47:34.99
DECJ,    -58:39:09.8
RAJ,    15:48:23.26
DECJ,    -48:21:49.7
RAJ,    15:48:19.47
DECJ,    -49:27:40.4
RAJ,    15:48:44.03
DECJ,    -56:07:33.9
RAJ,    15:49:40.941
DECJ,    +21:13:26.9
RAJ,    15:49:21.154
DECJ,    -48:48:37.44
RAJ,    15:49:05
DECJ,    -57:21:37
RAJ,    15:49:47.9
DECJ,    -57:22:02
RAJ,    15:50:02.95
DECJ,    -52:42:07.0
RAJ,    15:50:04.8
DECJ,    -53:17:21
RAJ,    15:50:54.12386
DECJ,    -54:18:24.1141
RAJ,    15:51:07.215
DECJ,    -06:58:06.5
RAJ,    15:51:48.02
DECJ,    -44:24:42
RAJ,    15:51:41.25
DECJ,    -53:10:59.6
RAJ,    15:52:13.2709
DECJ,    -49:37:49.744
RAJ,    15:52:38
DECJ,    -62:14:31
RAJ,    15:53:59.6
DECJ,    -54:56:06
RAJ,    15:54:27.15
DECJ,    -52:09:38.3
RAJ,    15:54:40.5
DECJ,    -55:12:33
RAJ,    15:55:40.097
DECJ,    -05:15:57.4
RAJ,    15:55:17.952
DECJ,    -31:34:20.10
RAJ,    15:56:51.5
DECJ,    -53:58:55
RAJ,    15:57:00.2580
DECJ,    -42:58:12.66
RAJ,    15:58:41.45
DECJ,    -54:19:26
RAJ,    15:58:30.53
DECJ,    -57:56:26.1
RAJ,    15:59:41.526126
DECJ,    -44:38:45.90177
RAJ,    15:59:21.3
DECJ,    -55:45:40
RAJ,    16:00:51.903452
DECJ,    -30:53:49.3653
RAJ,    16:00:53.031
DECJ,    -50:44:20.96
RAJ,    16:00:19.93
DECJ,    -57:51:14.7
RAJ,    16:00:35.0
DECJ,    -59:16:59
RAJ,    16:01:24
DECJ,    -50:23
RAJ,    16:01:27.3
DECJ,    -52:44:9
RAJ,    16:01:54.91
DECJ,    -53:35:43.2
RAJ,    16:02:18.2
DECJ,    -49:57:32
RAJ,    16:02:18.8
DECJ,    -51:00:02
RAJ,    16:03:53.697
DECJ,    -35:39:57.1
RAJ,    16:03:31.46
DECJ,    -56:57:44.19
RAJ,    16:03:35.67751
DECJ,    -72:02:32.72985
RAJ,    16:04:32
DECJ,    -44:43
RAJ,    16:04:29.41
DECJ,    -47:18:47.9
RAJ,    16:04:22.999
DECJ,    -49:09:58.34
RAJ,    16:04:29.177
DECJ,    -72:03:30.46
RAJ,    16:05:18.52
DECJ,    +32:49:18.0
RAJ,    16:05:19.0
DECJ,    -52:15:48
RAJ,    16:05:16.3
DECJ,    -52:57:34
RAJ,    16:07:12.1034
DECJ,    -00:32:40.83
RAJ,    16:07:49.3
DECJ,    -51:40:16
RAJ,    16:07:48.711
DECJ,    -64:49:43.08
RAJ,    16:09:05.35
DECJ,    -19:30:08
RAJ,    16:09:41.13
DECJ,    -46:16:22.5
RAJ,    16:09:26.7
DECJ,    -51:58:18
RAJ,    16:10:11
DECJ,    -17:50
RAJ,    16:10:44.30
DECJ,    -50:06:42.2
RAJ,    16:10:12.82
DECJ,    -53:03:49
RAJ,    16:11
DECJ,    -01:28
RAJ,    16:11:02.7
DECJ,    -48:11:39
RAJ,    16:11:46.63
DECJ,    -49:49:57.2
RAJ,    16:11:03.20
DECJ,    -52:09:23.6
RAJ,    16:11:51.313
DECJ,    -58:47:42.33
RAJ,    16:12:23.432
DECJ,    20:08:18.33
RAJ,    16:12:26.06
DECJ,    -24:08:04
RAJ,    16:12:54
DECJ,    -49:27
RAJ,    16:12:00.6
DECJ,    -51:36:54
RAJ,    16:12:06
DECJ,    -55:09
RAJ,    16:12:27.816
DECJ,    -58:05:29.2
RAJ,    16:13:29.03
DECJ,    -47:14:25.8
RAJ,    16:13:42.46
DECJ,    -52:11:21.0
RAJ,    16:13:57.49
DECJ,    -52:34:17
RAJ,    16:14
DECJ,    -23:15
RAJ,    16:14:43
DECJ,    -38:46:15
RAJ,    16:14:31.227
DECJ,    -39:37:28.8
RAJ,    16:14:11.29
DECJ,    -50:48:03.5
RAJ,    16:14:45.7
DECJ,    -51:44:49
RAJ,    16:14:50.38
DECJ,    -54:02:47
RAJ,    16:15:01.191
DECJ,    -54:44:32.4
RAJ,    16:15:40.43
DECJ,    -55:37:00.5
RAJ,    16:16:29.89
DECJ,    -50:17:14.9
RAJ,    16:16:30.9
DECJ,    -51:09:17
RAJ,    16:16:23.4
DECJ,    -52:08:48
RAJ,    16:17:23.38
DECJ,    -42:16:59
RAJ,    16:17:35.105
DECJ,    -46:08:36.5
RAJ,    16:17:29.3
DECJ,    -50:55:13.2
RAJ,    16:18:30
DECJ,    -39:19
RAJ,    16:18:06.80
DECJ,    -47:23:19.1
RAJ,    16:19:06
DECJ,    -42:02
RAJ,    16:20:41.52
DECJ,    -49:27:37.1
RAJ,    16:20:14.44
DECJ,    -54:14:51.7
RAJ,    16:21:04.71
DECJ,    -50:39:48.6
RAJ,    16:21:55.8
DECJ,    -52:43:44
RAJ,    16:22:04.58
DECJ,    -37:51:13.9
RAJ,    16:22:45.468
DECJ,    -43:32:28.2
RAJ,    16:22:30.060
DECJ,    -43:47:21.4
RAJ,    16:22:47.19
DECJ,    -48:02:13.1
RAJ,    16:22:05.45
DECJ,    -48:46:29
RAJ,    16:22:37.5
DECJ,    -49:44:30
RAJ,    16:22:44.80
DECJ,    -49:50:54.4
RAJ,    16:22:03.6681
DECJ,    -66:17:16.978
RAJ,    16:23:42.701
DECJ,    -08:41:36.4
RAJ,    16:23:38.2218
DECJ,    -26:31:53.769
RAJ,    16:23:48.34
DECJ,    -42:56:52
RAJ,    16:23:54.80
DECJ,    -49:49:4
RAJ,    16:24:21.361
DECJ,    -44:11:33.8
RAJ,    16:24:18.7
DECJ,    -46:13:02
RAJ,    16:24:54.89
DECJ,    -47:21:27
RAJ,    16:25:10.33
DECJ,    -40:48:21.5
RAJ,    16:25:18.05
DECJ,    -49:04:33.6
RAJ,    16:25:16.41
DECJ,    -49:13:44.6
RAJ,    16:27:00
DECJ,    -44:22
RAJ,    16:26:48.98
DECJ,    -45:37:25.6
RAJ,    16:26:42.5
DECJ,    -48:07:54
RAJ,    16:26:06.851
DECJ,    -66:21:15.27
RAJ,    16:27:18.759
DECJ,    +14:19:20.7
RAJ,    16:27:28.75
DECJ,    -47:06:50.2
RAJ,    16:27:10.34
DECJ,    -48:45:08
RAJ,    16:27:42
DECJ,    -49:54
RAJ,    16:27:30
DECJ,    -51:08
RAJ,    16:27:21.08
DECJ,    -55:47:52.4
RAJ,    16:27:52.59
DECJ,    -59:36:55.3
RAJ,    16:27
DECJ,    +86:54
RAJ,    16:28:07.00
DECJ,    -32:05:48.9
RAJ,    16:28:26.83
DECJ,    -48:04:59
RAJ,    16:28:30.9
DECJ,    -48:28:42
RAJ,    16:29:35.81
DECJ,    -36:36:13
RAJ,    16:29
DECJ,    +43:59
RAJ,    16:29:08.7706
DECJ,    -69:02:45.294
RAJ,    16:30
DECJ,37
RAJ,    16:30:02.47
DECJ,    -47:19:42
RAJ,    16:30:37.47
DECJ,    -47:33:05.0
RAJ,    16:31:52.47
DECJ,    -16:12:52.0
RAJ,    16:31:18.33
DECJ,    -41:55:03.7
RAJ,    16:32:54.20
DECJ,    -10:13:18
RAJ,    16:32:14.00
DECJ,    -45:09:09
RAJ,    16:32:49.813
DECJ,    -46:21:48.6
RAJ,    16:32:16.72
DECJ,    -47:57:34.3
RAJ,    16:32:39.74
DECJ,    -48:18:52.6
RAJ,    16:33:55.30
DECJ,    -20:10:09
RAJ,    16:33:47.048
DECJ,    -44:53:07.8
RAJ,    16:33:05.4
DECJ,    -48:05:36
RAJ,    16:33:00.103
DECJ,    -50:15:08.1
RAJ,    16:34:30
DECJ,    -49:52
RAJ,    16:34:04.99
DECJ,    -51:07:45.6
RAJ,    16:34:19.17
DECJ,    -56:40:48.7
RAJ,    16:35:47.36
DECJ,    -15:11:52
RAJ,    16:35:52
DECJ,    -26:16:17
RAJ,    16:35:55.4
DECJ,    -45:13:27
RAJ,    16:35:51.844
DECJ,    -47:35:23.31
RAJ,    16:35:55.4
DECJ,    -49:44:36
RAJ,    16:35:09.08
DECJ,    -59:54:41
RAJ,    16:36:16.53
DECJ,    -44:40:25
RAJ,    16:36:32.0
DECJ,    -48:03:55
RAJ,    16:36:55.15
DECJ,    -49:33:10
RAJ,    16:37:56.8
DECJ,    -43:35:42
RAJ,    16:37:53.15
DECJ,    -44:50:26.3
RAJ,    16:37:58.710
DECJ,    -45:53:27.3
RAJ,    16:37:36
DECJ,    -46:13
RAJ,    16:37:13.77
DECJ,    -46:42:15
RAJ,    16:37:11.4
DECJ,    -47:21:03
RAJ,    16:37:58.68
DECJ,    -48:16:12
RAJ,    16:38:37.349
DECJ,    -38:15:03.4
RAJ,    16:38:15.56
DECJ,    -39:51:59
RAJ,    16:38:31
DECJ,    -42:33:56
RAJ,    16:38:52.88
DECJ,    -43:44:04
RAJ,    16:38:18
DECJ,    -44:40
RAJ,    16:38:46.221
DECJ,    -44:17:03.6
RAJ,    16:38:22.98
DECJ,    -46:08:11.6
RAJ,    16:38:12.94
DECJ,    -47:25:32
RAJ,    16:38:59.96
DECJ,    -52:26:57.4
RAJ,    16:39:06.85
DECJ,    -43:59:52
RAJ,    16:39:21.201
DECJ,    -46:04:33.1
RAJ,    16:40:16.744825
DECJ,    +22:24:08.84178
RAJ,    16:40:43.52
DECJ,    -46:31:35.4
RAJ,    16:40:47.62
DECJ,    -46:48:45
RAJ,    16:40:13.19
DECJ,    -47:15:35.3
RAJ,    16:40:43.56
DECJ,    -49:51:02.1
RAJ,    16:41:18.04
DECJ,    -23:47:36
RAJ,    16:41:40.880
DECJ,    +36:27:15.44
RAJ,    16:41:41
DECJ,    +36:27:37
RAJ,    16:41:41
DECJ,    +36:27:37
RAJ,    16:41:41
DECJ,    +36:27:37
RAJ,    16:41:41
DECJ,    +36:27:37
RAJ,    16:43:38.160985
DECJ,    -12:24:58.6783
RAJ,    16:43:36.97
DECJ,    -45:05:46.0
RAJ,    16:43:20.40
DECJ,    -45:22:01
RAJ,    16:43:13.52
DECJ,    -45:50:54.5
RAJ,    16:44:36
DECJ,    -44:10
RAJ,    16:44:49.281
DECJ,    -45:59:09.5
RAJ,    16:44:06
DECJ,    -46:26
RAJ,    16:44:38.5
DECJ,    -46:57:38
RAJ,    16:45:02.0414
DECJ,    -03:17:58.32
RAJ,    16:45:34.415
DECJ,    +10:12:16.04
RAJ,    16:46:18.13
DECJ,    -21:42:09.0
RAJ,    16:46:55.3
DECJ,    -43:08:07
RAJ,    16:46:51.3
DECJ,    -43:46:38
RAJ,    16:46:36.35
DECJ,    -51:23:14.6
RAJ,    16:46:54.8
DECJ,    -68:31:51
RAJ,    16:47:46.51
DECJ,    -36:07:04
RAJ,    16:47:10.20
DECJ,    -45:52:16.8
RAJ,    16:48
DECJ,    +66:04
RAJ,    16:48:06.070
DECJ,    -32:56:40.8
RAJ,    16:48:13.0
DECJ,    -44:58:26
RAJ,    16:48:22.02
DECJ,    -46:11:16
RAJ,    16:48:51.23
DECJ,    -60:44:25.5
RAJ,    16:49:44.23
DECJ,    25:33:07.0
RAJ,    16:49:48.222
DECJ,    -38:05:59.1
RAJ,    16:49:06.68
DECJ,    -39:35:44.2
RAJ,    16:49:20.42
DECJ,    -43:49:22.2
RAJ,    16:49:24.5
DECJ,    -46:53:09
RAJ,    16:49:18.27
DECJ,    -47:29:53
RAJ,    16:49:31.1
DECJ,    -55:53:40
RAJ,    16:50
DECJ,    +80:45
RAJ,    16:50:13.174
DECJ,    -41:26:33.8
RAJ,    16:50:44.68
DECJ,    -43:41:30.8
RAJ,    16:50:32.30
DECJ,    -45:02:37.3
RAJ,    16:50:35.100
DECJ,    -49:21:03.88
RAJ,    16:51:48.79
DECJ,    -42:46:11
RAJ,    16:51:57.2
DECJ,    -45:19:11
RAJ,    16:51:42.97
DECJ,    -52:22:58.2
RAJ,    16:51:41.2
DECJ,    -52:55:48
RAJ,    16:51:07.87
DECJ,    -76:42:39.5
RAJ,    16:52:16.677
DECJ,    -14:00:27.4
RAJ,    16:52:03.07
DECJ,    26:51:40.4
RAJ,    16:52:59.5
DECJ,    -44:06:05
RAJ,    16:52:54
DECJ,    -48:45
RAJ,    16:53:31.03
DECJ,    -20:54:55.1
RAJ,    16:53:39.798
DECJ,    -38:38:20.8
RAJ,    16:53:34.23
DECJ,    -40:30:01.4
RAJ,    16:53:40.22
DECJ,    -42:49:03.3
RAJ,    16:53:29.7
DECJ,    -43:15:01
RAJ,    16:53:56.7
DECJ,    -48:54:51
RAJ,    16:54:03
DECJ,    -23:35
RAJ,    16:54:44.426
DECJ,    -37:10:57.1
RAJ,    16:54:23.5
DECJ,    -41:40:24
RAJ,    16:54:22.08
DECJ,    -42:45:39
RAJ,    16:55:24.53
DECJ,    -30:48:42
RAJ,    16:55:38.66
DECJ,    -38:44:09
RAJ,    16:56:32.955
DECJ,    -36:21:59.7
RAJ,    16:57:36.73
DECJ,    -44:32:20
RAJ,    16:58:16.6
DECJ,    -43:06:50
RAJ,    16:58:24
DECJ,    -47:12
RAJ,    16:58:54.92
DECJ,    -49:58:58.4
RAJ,    16:58:39.34359
DECJ,    -53:24:07.003
RAJ,    16:59:56.38
DECJ,    -43:16:06
RAJ,    16:59:39.44
DECJ,    -44:39:01
RAJ,    17:00:49.32
DECJ,    -36:11:53
RAJ,    17:00:22.27
DECJ,    -39:19:00.02
RAJ,    17:00:38.55
DECJ,    -40:12:38.6
RAJ,    17:00:53.67
DECJ,    -44:22:27
RAJ,    17:00:22.56
DECJ,    -49:39:15
RAJ,    17:01:12.50942
DECJ,    -30:06:30.173
RAJ,    17:01:12.6677
DECJ,    -30:06:49.044
RAJ,    17:01:12.86592
DECJ,    -30:06:59.415
RAJ,    17:01:13.5631
DECJ,    -30:06:42.559
RAJ,    17:01:13.2734
DECJ,    -30:06:46.89
RAJ,    17:01:12.8222
DECJ,    -30:06:51.82
RAJ,    17:01:43.513
DECJ,    -31:30:36.7
RAJ,    17:01:18.54
DECJ,    -37:26:25
RAJ,    17:01:29.154
DECJ,    -45:33:48.7
RAJ,    17:01:12.83
DECJ,    -49:58:33
RAJ,    17:02:14.36
DECJ,    -39:32:40
RAJ,    17:02:52.52
DECJ,    -41:28:48.2
RAJ,    17:02:36.44
DECJ,    -42:17:01.2
RAJ,    17:02:27.290
DECJ,    -43:06:44
RAJ,    17:02:26.94
DECJ,    -43:10:40
RAJ,    17:02:52.6
DECJ,    -44:28:03
RAJ,    17:03:26
DECJ,    -38:12
RAJ,    17:03:20.59
DECJ,    -44:42:42
RAJ,    17:03:54.40
DECJ,    -48:51:55.8
RAJ,    17:04:14.8
DECJ,    -60:16:54
RAJ,    17:05
DECJ,    -04:41
RAJ,    17:05:42.363
DECJ,    -34:23:45.17
RAJ,    17:05:37.1
DECJ,    -39:36:29
RAJ,    17:05:29.84
DECJ,    -39:50:59
RAJ,    17:05:20.4
DECJ,    -41:08:44
RAJ,    17:05:35.914
DECJ,    -43:31:13.6
RAJ,    17:05:50
DECJ,    -52:36:17
RAJ,    17:05:15.3
DECJ,    -61:35:15
RAJ,    17:06:21.3
DECJ,    -38:39:51
RAJ,    17:06:04.51
DECJ,    -43:10:21
RAJ,    17:07
DECJ,    +59:10
RAJ,    17:06:09.794
DECJ,    -61:18:11.70
RAJ,    17:07:21.728
DECJ,    -40:53:56.1
RAJ,    17:07:40.11
DECJ,    -43:41:12.0
RAJ,    17:07:41.41
DECJ,    -44:17:19
RAJ,    17:07:15.547
DECJ,    -47:29:34.5
RAJ,    17:08:17.62215
DECJ,    -35:06:22.640
RAJ,    17:08:35.91
DECJ,    -36:41:21.5
RAJ,    17:08:16.5
DECJ,    -38:27:36
RAJ,    17:08:46.87
DECJ,    -40:08:52.44
RAJ,    17:08:12.92
DECJ,    -45:22:51
RAJ,    17:08:02.5
DECJ,    -75:39:23
RAJ,    17:09:26.4413
DECJ,    -16:40:57.73
RAJ,    17:09:05.792
DECJ,    23:13:27.85
RAJ,    17:09:45.15
DECJ,    -36:26:03.6
RAJ,    17:09:15.99
DECJ,    -38:41:17
RAJ,    17:09:47
DECJ,    -43:54:43
RAJ,    17:09:30.9
DECJ,    -43:42:14
RAJ,    17:09:41.39
DECJ,    -44:01:11.2
RAJ,    17:09:42.728
DECJ,    -44:29:08.24
RAJ,    17:10:04.9
DECJ,    -26:16:35
RAJ,    17:10:30
DECJ,    -37:30
RAJ,    17:10:23.75
DECJ,    -41:48:19
RAJ,    17:10:29
DECJ,    +49:20
RAJ,    17:11:44.45
DECJ,    -38:26:14
RAJ,    17:11:10.561
DECJ,    -43:22:53.1
RAJ,    17:11:53.12
DECJ,    -53:50:16
RAJ,    17:12:11.71
DECJ,    -27:15:53
RAJ,    17:12:35
DECJ,    -39:43
RAJ,    17:12:35
DECJ,    -39:43
RAJ,    17:13:49.533150
DECJ,    +07:47:37.49284
RAJ,    17:13:02.3
DECJ,    -38:44:29
RAJ,    17:13:28
DECJ,    -39:49
RAJ,    17:14:40.122
DECJ,    -10:54:10.9
RAJ,    17:14:05.74
DECJ,    -38:10:30.9
RAJ,    17:15:23.46
DECJ,    -32:47:30
RAJ,    17:15:09.65
DECJ,    -37:00:04
RAJ,    17:15:37.89
DECJ,    -38:59:25.1
RAJ,    17:15:14.3
DECJ,    -39:03:02
RAJ,    17:15:40.99
DECJ,    -40:34:22
RAJ,    17:15:10.54
DECJ,    -42:54:54
RAJ,    17:16:11.36
DECJ,    -37:20:44
RAJ,    17:16:42.06
DECJ,    -40:05:27
RAJ,    17:16:44.307
DECJ,    -41:11:09.5
RAJ,    17:16:01.109
DECJ,    -47:11:00.9
RAJ,    17:17:15.96
DECJ,    -37:37:36
RAJ,    17:17:18.4
DECJ,    -38:47:03
RAJ,    17:17:25.55
DECJ,    -39:53:55
RAJ,    17:17:47.91
DECJ,    -40:43:50
RAJ,    17:17:02.0
DECJ,    -40:43:31
RAJ,    17:17:52.22
DECJ,    -41:03:17
RAJ,    17:17:35.65
DECJ,    -58:00:05.4
RAJ,    17:18:18.59
DECJ,    -37:14:16
RAJ,    17:18:10.0
DECJ,    -37:18:53
RAJ,    17:18:13.565
DECJ,    -38:25:18.06
RAJ,    17:18:12
DECJ,    -41:07
RAJ,    17:18:11.90
DECJ,    -45:39:15.9
RAJ,    17:19:10.07293
DECJ,    -14:38:00.942
RAJ,    17:19:37
DECJ,    -23:29:07
RAJ,    17:19:01.722
DECJ,    -40:06:59.5
RAJ,    17:19:48.77
DECJ,    -43:02:11.4
RAJ,    17:20:57.269
DECJ,    -02:12:23.9
RAJ,    17:20:01.30
DECJ,    21:50:12.8
RAJ,    17:20:22.46
DECJ,    -24:46:27
RAJ,    17:20:54
DECJ,    -36:53
RAJ,    17:20:01.976
DECJ,    -36:59:06.5
RAJ,    17:21:46.61
DECJ,    -19:39:49
RAJ,    17:21:05.4963
DECJ,    -24:57:06.36
RAJ,    17:22:09.817
DECJ,    -36:32:53.3
RAJ,    17:22:59.17
DECJ,    -37:12:03.7
RAJ,    17:22:46.517
DECJ,    -44:00:33.2
RAJ,    17:23:23.1856
DECJ,    -28:37:57.17
RAJ,    17:23:58.2
DECJ,    -28:52:51
RAJ,    17:23:07.580
DECJ,    -36:59:13.9
RAJ,    17:23
DECJ,    -38:20
RAJ,    17:24:44.87
DECJ,    -31:49:04
RAJ,    17:24:43
DECJ,    -35:49
RAJ,    17:24:47.89
DECJ,    -35:05:36
RAJ,    17:24:25.8
DECJ,    -45:00:15
RAJ,    17:25:12.281
DECJ,    -07:32:59.2
RAJ,    17:25:09.9
DECJ,    -28:52:22
RAJ,    17:25:42.2
DECJ,    -35:46:16
RAJ,    17:25:00.1
DECJ,    -38:48:36
RAJ,    17:25:27.27
DECJ,    -38:53:04.20
RAJ,    17:25:41.42
DECJ,    -40:43:11
RAJ,    17:26:23
DECJ,    -00:15
RAJ,    17:26:36
DECJ,    -31:57
RAJ,    17:26:07.51
DECJ,    -35:29:58
RAJ,    17:26:49.61
DECJ,    -36:35:45.6
RAJ,    17:26:33.37
DECJ,    -40:06:02
RAJ,    17:27:30.99
DECJ,    -27:39:00.5
RAJ,    17:27:19
DECJ,    -29:59
RAJ,    17:27:15.09493
DECJ,    -29:46:36.797
RAJ,    17:28:46.25
DECJ,    -37:33:8
RAJ,    17:28:27.68
DECJ,    -40:28:10
RAJ,    17:29:10.808
DECJ,    -21:17:28
RAJ,    17:30:21.66624
DECJ,    -23:04:31.19
RAJ,    17:30:08.28
DECJ,    -29:00:46
RAJ,    17:30:55.58
DECJ,    -33:53:38
RAJ,    17:30:06
DECJ,    -34:48
RAJ,    17:31:17.609823
DECJ,    -18:47:32.666
RAJ,    17:31:00.53
DECJ,    -31:23:43
RAJ,    17:31:14.31
DECJ,    -33:22:45
RAJ,    17:31:42.103
DECJ,    -47:44:34.56
RAJ,    17:32:33.54
DECJ,    -31:31:23
RAJ,    17:32:07.18
DECJ,    -34:26:05
RAJ,    17:32:30
DECJ,    -35:05
RAJ,    17:32:20.81
DECJ,    -37:29:05
RAJ,    17:32:50.0
DECJ,    -41:28:48
RAJ,    17:32:48.86
DECJ,    -41:56:29.6
RAJ,    17:32:47.766731
DECJ,    -50:49:00.1917
RAJ,    17:33:25.86
DECJ,    -25:33:11
RAJ,    17:33:33.90
DECJ,    -28:37:33
RAJ,    17:33:58.89
DECJ,    -30:30:49
RAJ,    17:33:55.21
DECJ,    -33:22:03
RAJ,    17:33:26.754
DECJ,    -37:16:54.6
RAJ,    17:33:58.64
DECJ,    -40:05:39.7
RAJ,    17:33:00.4
DECJ,    -55:15:40
RAJ,    17:34:41.6
DECJ,    -24:15:20
RAJ,    17:34:50.839
DECJ,    -30:58:41.4
RAJ,    17:34:26.9
DECJ,    -33:33:20
RAJ,    17:35:48.1
DECJ,    -02:43:48
RAJ,    17:35:04.9717
DECJ,    -07:24:52.49
RAJ,    17:35:56.9
DECJ,    -32:58:19
RAJ,    17:36:54
DECJ,    +05:48
RAJ,    17:36:45.44
DECJ,    -24:57:50
RAJ,    17:36:24.73
DECJ,    -28:19:42
RAJ,    17:36:42.59
DECJ,    -28:43:51
RAJ,    17:36:02.7
DECJ,    -35:11:56
RAJ,    17:37:47.11235
DECJ,    -08:11:08.887
RAJ,    17:37:33.73
DECJ,    -31:02:00.5
RAJ,    17:37:04.29
DECJ,    -31:37:21
RAJ,    17:37:10.51
DECJ,    -33:20:20
RAJ,    17:37:40.039
DECJ,    -35:55:43.8
RAJ,    17:38:53.965838
DECJ,    +03:33:10.86667
RAJ,    17:38:08.8
DECJ,    -23:30:47
RAJ,    17:38:05.03
DECJ,    -26:47:46
RAJ,    17:38:14.628
DECJ,    -27:36:25.8
RAJ,    17:38:52.24
DECJ,    -29:55:51
RAJ,    17:38:47.4
DECJ,    -31:07:44
RAJ,    17:38:34.45
DECJ,    -33:16:01.6
RAJ,    17:39:17.966
DECJ,    +06:12:28.4
RAJ,    17:39:57.821
DECJ,    -13:13:18.6
RAJ,    17:39:39.80
DECJ,    -30:23:12
RAJ,    17:39:23.22
DECJ,    -30:49:40
RAJ,    17:39:48.68
DECJ,    -31:59:49
RAJ,    17:39:38.25
DECJ,    -39:52:00.3
RAJ,    17:40:25.950
DECJ,    +10:00:06.3
RAJ,    17:40:07.3455
DECJ,    13:11:56.69
RAJ,    17:40:45.32
DECJ,    -25:40:19
RAJ,    17:40:33.82
DECJ,    -30:15:43.5
RAJ,    17:40:50.001
DECJ,    -30:52:04.30
RAJ,    17:40:25.72
DECJ,    -33:27:53.5
RAJ,    17:40:44.589
DECJ,    -53:40:40.9
RAJ,    17:41:31.145365
DECJ,    +13:51:44.13009
RAJ,    17:41:06.87
DECJ,    -20:19:24
RAJ,    17:41:57.23
DECJ,    -20:53:57
RAJ,    17:41:35.06
DECJ,    -27:19:23
RAJ,    17:41:01.34
DECJ,    -27:33:51
RAJ,    17:41:53.51
DECJ,    27:58:09.0
RAJ,    17:41:14.47
DECJ,    -29:45:35
RAJ,    17:41:07.04
DECJ,    -30:16:31
RAJ,    17:41:54
DECJ,    -34:19
RAJ,    17:41:18.081
DECJ,    -39:27:38.0
RAJ,    17:42:04.43
DECJ,    -39:57:22
RAJ,    17:42:26.10
DECJ,    -46:16:53.5
RAJ,    17:43:20.12
DECJ,    -24:42:55
RAJ,    17:43:15.565
DECJ,    -31:53:05.3
RAJ,    17:43:06
DECJ,    -35:32
RAJ,    17:43:05.223
DECJ,    -42:12:02.4
RAJ,    17:44:29.405789
DECJ,    -11:34:54.68126
RAJ,    17:44:16.534
DECJ,    -16:10:35.8
RAJ,    17:44:48.47
DECJ,    -23:35:55
RAJ,    17:44:05.682
DECJ,    -31:30:04
RAJ,    17:44:02.675
DECJ,    -39:22:21.1
RAJ,    17:44:38.92
DECJ,    -53:37:51
RAJ,    17:45:02.06
DECJ,    -01:29:18.1
RAJ,    17:45:09.1348
DECJ,    -09:52:39.682
RAJ,    17:45:33.8371
DECJ,    +10:17:52.523
RAJ,    17:45:16.71
DECJ,    -22:29:14
RAJ,    17:45:40.1662
DECJ,    -29:00:29.896
RAJ,    17:45:16
DECJ,    -29:10
RAJ,    17:45:50
DECJ,    -29:12
RAJ,    17:45:56.305
DECJ,    -30:40:23.5
RAJ,    17:45:15.42
DECJ,    -38:12:07.3
RAJ,    17:46:00.84
DECJ,    +22:45:28.9
RAJ,    17:46:06.87
DECJ,    25:40:37.5
RAJ,    17:46
DECJ,    -27:51
RAJ,    17:46:03.7
DECJ,    -28:49:19
RAJ,    17:46:06.6
DECJ,    -28:50:42
RAJ,    17:46:49.5
DECJ,    -28:56:31.0
RAJ,    17:46:54.947
DECJ,    -32:39:55.8
RAJ,    17:47:58.31
DECJ,    -10:30:05
RAJ,    17:47:30.894
DECJ,    -26:47:14
RAJ,    17:47:26.55
DECJ,    -28:02:37
RAJ,    17:47:22.80
DECJ,    -28:09:15.0
RAJ,    17:47:15.882
DECJ,    -29:58:01.0
RAJ,    17:47:48.71665
DECJ,    -40:36:54.7795
RAJ,    17:48:52.689
DECJ,    -20:21:39.7
RAJ,    17:48:52.95290
DECJ,    -20:21:38.86
RAJ,    17:48:51.17320
DECJ,    -20:21:53.81
RAJ,    17:48:51.64665
DECJ,    -20:21:07.414
RAJ,    17:48:52.80040
DECJ,    -20:21:29.38
RAJ,    17:48:52.3339
DECJ,    -20:21:39.33
RAJ,    17:48:02.255
DECJ,    -24:46:36.9
RAJ,    17:48:04.8
DECJ,    -24:46:45
RAJ,    17:48:04.8
DECJ,    -24:46:45
RAJ,    17:48:04.8
DECJ,    -24:46:45
RAJ,    17:48:04.8
DECJ,    -24:46:45
RAJ,    17:48:04.8
DECJ,    -24:46:45
RAJ,    17:48:04.8
DECJ,    -24:46:45
RAJ,    17:48:04.8
DECJ,    -24:46:45
RAJ,    17:48:04.8
DECJ,    -24:46:45
RAJ,    17:48:04.8
DECJ,    -24:46:45
RAJ,    17:48:04.54
DECJ,    -24:46:36
RAJ,    17:48:04.8
DECJ,    -24:46:45
RAJ,    17:48:04.8
DECJ,    -24:46:45
RAJ,    17:48:04.8
DECJ,    -24:46:45
RAJ,    17:48:04.8
DECJ,    -24:46:45
RAJ,    17:48:04.8
DECJ,    -24:46:45
RAJ,    17:48:04.8
DECJ,    -24:46:45
RAJ,    17:48:04.8
DECJ,    -24:46:45
RAJ,    17:48:04.8
DECJ,    -24:46:45
RAJ,    17:48:04.8
DECJ,    -24:46:45
RAJ,    17:48:04.8
DECJ,    -24:46:45
RAJ,    17:48:04.8
DECJ,    -24:46:45
RAJ,    17:48:04.8
DECJ,    -24:46:45
RAJ,    17:48:04.8
DECJ,    -24:46:45
RAJ,    17:48:04.8
DECJ,    -24:46:45
RAJ,    17:48:04.8
DECJ,    -24:46:45
RAJ,    17:48:04.8
DECJ,    -24:46:45
RAJ,    17:48:04.8
DECJ,    -24:46:45
RAJ,    17:48:04.8
DECJ,    -24:46:45
RAJ,    17:48:04.8
DECJ,    -24:46:45
RAJ,    17:48:04.8
DECJ,    -24:46:45
RAJ,    17:48:04.8
DECJ,    -24:46:45
RAJ,    17:48:04.8
DECJ,    -24:46:45
RAJ,    17:48:04.8
DECJ,    -24:46:45
RAJ,    17:48
DECJ,    -30:17
RAJ,    17:48:23.79
DECJ,    -30:09:12.2
RAJ,    17:49:15.61
DECJ,    -23:47:17
RAJ,    17:49:11.28
DECJ,    -26:29:10
RAJ,    17:49:23.77
DECJ,    -49:31:59
RAJ,    17:49:44.5
DECJ,    -56:05:19
RAJ,    17:50:18.4
DECJ,    -20:43:08
RAJ,    17:50:59.787
DECJ,    -24:38:58
RAJ,    17:50:22.96
DECJ,    -24:44:47
RAJ,    17:50:33.39
DECJ,    -25:36:43
RAJ,    17:50:04.0
DECJ,    -28:45
RAJ,    17:50:44.501
DECJ,    -35:03:08.9
RAJ,    17:50:13.8016
DECJ,    -37:03:10.95
RAJ,    17:50:12.1770
DECJ,    -37:03:22.93
RAJ,    17:50:13.4541
DECJ,    -37:03:05.58
RAJ,    17:50:13.0969
DECJ,    -37:03:06.368
RAJ,    17:51:52.63
DECJ,    -25:16:43
RAJ,    17:51:32.6965
DECJ,    -28:57:46.50
RAJ,    17:51:32.725
DECJ,    -33:23:39.6
RAJ,    17:51:42.233
DECJ,    -46:57:24.8
RAJ,    17:52:35.42
DECJ,    23:59:48.2
RAJ,    17:52:58.742
DECJ,    -24:10:26
RAJ,    17:52:58.6896
DECJ,    -28:06:37.3
RAJ,    17:52:24.55
DECJ,    -28:21:10
RAJ,    17:52:53
DECJ,    -12:59
RAJ,    17:53:35.171
DECJ,    -19:14:58
RAJ,    17:53:39.847
DECJ,    -22:40:42
RAJ,    17:53
DECJ,    -38:49
RAJ,    17:54:36.56
DECJ,    -24:22:24
RAJ,    17:54:16
DECJ,    -30:11
RAJ,    17:54:37.372
DECJ,    -34:43:53.9
RAJ,    17:54:54.616
DECJ,    -35:10:43.0
RAJ,    17:55:10.364
DECJ,    -09:03:51.6
RAJ,    17:55:11.648
DECJ,    -16:50:41
RAJ,    17:55:35.801
DECJ,    -20:25:00
RAJ,    17:55:36
DECJ,    -25:53
RAJ,    17:55:59.71
DECJ,    -25:21:27
RAJ,    17:55:19.31
DECJ,    -25:21:09
RAJ,    17:55:49.82
DECJ,    -25:34:39
RAJ,    17:55:16.29
DECJ,    -26:00
RAJ,    17:55:41.88
DECJ,    -27:25:45
RAJ,    17:55:12
DECJ,    -33:31
RAJ,    17:55:35.4462
DECJ,    -37:16:10.78
RAJ,    17:56:00
DECJ,    +18:19
RAJ,    17:56:25.56
DECJ,    -22:25:48
RAJ,    17:56:46.633812
DECJ,    -22:51:59.35
RAJ,    17:56:42
DECJ,    -25:28
RAJ,    17:57:19.39
DECJ,    -26:19:08
RAJ,    17:57:24
DECJ,    -15:03:18
RAJ,    17:57:50.772
DECJ,    -22:23:49
RAJ,    17:57:54.795
DECJ,    -27:45
RAJ,    17:57:15.1615
DECJ,    -53:22:26.387
RAJ,    17:58:05.60
DECJ,    -19:31:41
RAJ,    17:58:44.45
DECJ,    -22:06:45
RAJ,    17:58:31.94
DECJ,    -25:40:49
RAJ,    17:58:34.27
DECJ,    -26:30:10
RAJ,    17:58:15.41
DECJ,    -28:46:02
RAJ,    17:58:25.88
DECJ,    30:30:24.0
RAJ,    17:59:34.30
DECJ,    -10:29:57
RAJ,    17:59:28.16
DECJ,    -17:36:10
RAJ,    17:59:41.76
DECJ,    -19:03:19
RAJ,    17:59:57.040
DECJ,    -19:40:29
RAJ,    17:59:35.42
DECJ,    -19:56:08
RAJ,    17:59:49.23
DECJ,    -23:02:08
RAJ,    17:59:30.945
DECJ,    -23:07:17
RAJ,    17:59:24
DECJ,    -24:02
RAJ,    17:59:35.12
DECJ,    -25:49:07
RAJ,    17:59:22.056
DECJ,    -31:07:21.5
RAJ,    18:00:22.08
DECJ,    -01:25:30.6
RAJ,    18:00:12.3
DECJ,    -21:14:19
RAJ,    18:00
DECJ,    -23:43
RAJ,    18:01
DECJ,    +50:28
RAJ,    18:01:50.6124
DECJ,    -08:57:31.85
RAJ,    18:01:50.5658
DECJ,    -08:57:32.81
RAJ,    18:01:50.7407
DECJ,    -08:57:32.70
RAJ,    18:01:55.3653
DECJ,    -08:57:24.33
RAJ,    18:01:51.0764
DECJ,    -14:17:34.50
RAJ,    18:01:22.3
DECJ,    -18:55:49
RAJ,    18:01:46.69
DECJ,    -19:09:36
RAJ,    18:01:32.49
DECJ,    -21:15:18
RAJ,    18:01:08.33
DECJ,    -21:54:32
RAJ,    18:01:19.829
DECJ,    -23:04:44.2
RAJ,    18:01:00.016
DECJ,    -24:51:27.5
RAJ,    18:01:25.8896
DECJ,    -32:10:53.714
RAJ,    18:01:52.66
DECJ,    -34:58:37
RAJ,    18:02:27.45
DECJ,    +01:28:23.7
RAJ,    18:02:44
DECJ,    +03:38
RAJ,    18:02:12
DECJ,    -05:23:53
RAJ,    18:02:14.85
DECJ,    -17:45:17
RAJ,    18:02:05.335576
DECJ,    -21:24:03.649
RAJ,    18:02:03.10
DECJ,    -24:26:43
RAJ,    18:02:55.2
DECJ,    -33:46:45
RAJ,    18:03:34.68
DECJ,    -16:16:30
RAJ,    18:03:59.06
DECJ,    -18:57:19
RAJ,    18:03:29.44
DECJ,    -19:20:41
RAJ,    18:03:51.4105
DECJ,    -21:37:07.351
RAJ,    18:03:09.632
DECJ,    -21:49:13
RAJ,    18:03:34.1
DECJ,    -30:02:02
RAJ,    18:03:34.1
DECJ,    -30:02:02
RAJ,    18:03:34.1
DECJ,    -30:02:02
RAJ,    18:03:44.453
DECJ,    -33:29:10.7
RAJ,    18:04:28.19
DECJ,    -22:28:18
RAJ,    18:04:48
DECJ,    -28:07
RAJ,    18:05:31.436
DECJ,    -06:19:45.4
RAJ,    18:05:06.10
DECJ,    -15:04:36
RAJ,    18:05:37.09
DECJ,    -20:32:51
RAJ,    18:05:28.19
DECJ,    -20:37:16
RAJ,    18:05:25.93
DECJ,    -24:47:30
RAJ,    18:05:42.49
DECJ,    -29:48:00
RAJ,    18:06:52.114
DECJ,    +10:23:18.30
RAJ,    18:06:25.78
DECJ,    -16:18:38
RAJ,    18:06:06.6
DECJ,    -19:20:23
RAJ,    18:06:19.59
DECJ,    -21:25:40
RAJ,    18:07:25
DECJ,    +04:05
RAJ,    18:07:51.235
DECJ,    +07:56:43.39
RAJ,    18:07:38.0274
DECJ,    -08:47:43.27
RAJ,    18:07:20.355604
DECJ,    -24:59:52.9015
RAJ,    18:07:20.871209
DECJ,    -25:00:1.915
RAJ,    18:07:13.66
DECJ,    -25:57:20
RAJ,    18:08:19
DECJ,    +00:34
RAJ,    18:08:45.634
DECJ,    -10:20:48.3
RAJ,    18:08:39.09
DECJ,    -15:17:40
RAJ,    18:08:42.3
DECJ,    -17:26:27
RAJ,    18:08:39.337
DECJ,    -20:24:39.85
RAJ,    18:08:13.23
DECJ,    -27:01:21
RAJ,    18:08:04.48
DECJ,    -32:49:34
RAJ,    18:09:51.36
DECJ,    -01:19:29.0
RAJ,    18:09:35.92
DECJ,    -07:43:01.4
RAJ,    18:09:45.510
DECJ,    -14:29:25.0
RAJ,    18:09:37.21
DECJ,    -18:50:55
RAJ,    18:09:43.147
DECJ,    -19:17:38.1
RAJ,    18:09:51.08696
DECJ,    -19:43:51.9315
RAJ,    18:09:15.87
DECJ,    -20:04:12
RAJ,    18:09:50.25
DECJ,    -23:32:22.68
RAJ,    18:09:26.98
DECJ,    -35:47:18
RAJ,    18:10:59.162
DECJ,    -14:41:33.6
RAJ,    18:10:37.28
DECJ,    17:44:37.38
RAJ,    18:10:55.52
DECJ,    -18:20:39
RAJ,    18:10:58.9919
DECJ,    -20:05:08.27
RAJ,    18:10:44.43
DECJ,    -53:38:07.7
RAJ,    18:11:19.88
DECJ,    -01:54:30.9
RAJ,    18:11:20.42
DECJ,    07:02:29.7
RAJ,    18:11:17.07
DECJ,    -10:49:03
RAJ,    18:11:26.53
DECJ,    -17:17:47
RAJ,    18:11:55.034
DECJ,    -17:36:37.7
RAJ,    18:11:29.72
DECJ,    -18:35:44
RAJ,    18:11:29.2
DECJ,    -19:25:28
RAJ,    18:11:19.85315
DECJ,    -24:05:18.365
RAJ,    18:11:55.53
DECJ,    -24:39:53
RAJ,    18:11:27.19
DECJ,    -49:30:20.8
RAJ,    18:12:34.89
DECJ,    -19:10:39
RAJ,    18:12:20.93
DECJ,    -21:02:36
RAJ,    18:12:32.30
DECJ,    -25:26:38
RAJ,    18:12:40.58
DECJ,    -27:48:03
RAJ,    18:12:44.902
DECJ,    -30:39:21
RAJ,    18:13:23.77
DECJ,    -12:45:59.2
RAJ,    18:13:35.166
DECJ,    -17:49:57.48
RAJ,    18:13:38.76
DECJ,    18:22:15.0
RAJ,    18:13:39.87
DECJ,    -21:13:00.4
RAJ,    18:13:29.16
DECJ,    -22:42:06
RAJ,    18:13:40.59165
DECJ,    -26:21:57.055
RAJ,    18:14:26.13
DECJ,    -05:21:37.0
RAJ,    18:14:41.26
DECJ,    -06:18:01.7
RAJ,    18:14:42.742
DECJ,    +11:30:43.95
RAJ,    18:14:37.35
DECJ,    -16:49:28
RAJ,    18:14:43.10
DECJ,    -17:44:48
RAJ,    18:15:14.672
DECJ,    -17:38:03.0
RAJ,    18:15:03.08
DECJ,    -19:10:00.4
RAJ,    18:15
DECJ,    +55:29
RAJ,    18:16:24.543
DECJ,    -07:55:22.5
RAJ,    18:16:29.19
DECJ,    -14:46:30
RAJ,    18:16:35.93436
DECJ,    +45:10:33.8618
RAJ,    18:16:36.464
DECJ,    -56:43:42.10
RAJ,    18:17:49.79
DECJ,    -07:43:18.9
RAJ,    18:17:36.20
DECJ,    -15:11:39
RAJ,    18:17:06.82
DECJ,    -19:38:36
RAJ,    18:17
DECJ,    -23:11
RAJ,    18:17:05.777
DECJ,    -36:18:04.0
RAJ,    18:17:00.270
DECJ,    -38:37:59.7
RAJ,    18:18:15
DECJ,    -01:49:02
RAJ,    18:18:26.45
DECJ,    -11:16:29
RAJ,    18:18:23.7660
DECJ,    -14:22:36.71
RAJ,    18:18:27.91
DECJ,    -14:48:38
RAJ,    18:18:14.6
DECJ,    -15:19:43
RAJ,    18:18:37.52
DECJ,    -15:41:45
RAJ,    18:18:51.95
DECJ,    -15:56:04
RAJ,    18:19:50.542
DECJ,    -09:25:49.9
RAJ,    18:19:39.986
DECJ,    -10:08:28
RAJ,    18:19:28.78
DECJ,    -11:14:43
RAJ,    18:19:58.15
DECJ,    -11:31:29
RAJ,    18:19:56.226
DECJ,    +13:05:15.25
RAJ,    18:19:43.66
DECJ,    -13:18:42
RAJ,    18:19:56.8
DECJ,    -14:08:01.6
RAJ,    18:19:34.173
DECJ,    -14:58:03.57
RAJ,    18:19:53.691
DECJ,    -15:10:20.6
RAJ,    18:19:30
DECJ,    -17:05
RAJ,    18:19:43.40
DECJ,    -17:17:16
RAJ,    18:20:22.728
DECJ,    -05:09:38.5
RAJ,    18:20:40.82
DECJ,    -15:29:50
RAJ,    18:21:38.88368
DECJ,    +01:55:21.993
RAJ,    18:21:10.310
DECJ,    -02:56:38.6
RAJ,    18:21:44.70
DECJ,    -03:31:12.7
RAJ,    18:21:34.3
DECJ,    -14:19:26
RAJ,    18:21:39.777
DECJ,    -14:32:53.2
RAJ,    18:21:13.503
DECJ,    +17:15:47.06
RAJ,    18:22
DECJ,    +41:45
RAJ,    18:22:51.86
DECJ,    -08:48:59.0
RAJ,    18:22:39.80
DECJ,    -09:07:36
RAJ,    18:22:14.60
DECJ,    +11:20:56.2
RAJ,    18:22:41.7
DECJ,    -12:52:49
RAJ,    18:22:18.00
DECJ,    -16:04:26.8
RAJ,    18:22:36.6
DECJ,    -16:17:35
RAJ,    18:22:11.356
DECJ,    -42:09:10.98
RAJ,    18:23:30.9731
DECJ,    05:50:24.31
RAJ,    18:23:19.86
DECJ,    -11:26:04
RAJ,    18:23:24.25
DECJ,    -13:47:54
RAJ,    18:23:21.42
DECJ,    -15:26:22
RAJ,    18:23:09.68
DECJ,    -18:07:33
RAJ,    18:23:40.48701
DECJ,    -30:21:40.127
RAJ,    18:23:41.5455
DECJ,    -30:21:40.94
RAJ,    18:23:41.1516
DECJ,    -30:21:38.45
RAJ,    18:23:40.5312
DECJ,    -30:21:43.66
RAJ,    18:23:40.5
DECJ,    -30:21:40.2
RAJ,    18:23:40.5
DECJ,    -30:21:40.2
RAJ,    18:24:53.43
DECJ,    -01:27:51.4
RAJ,    18:24:56.151
DECJ,    -11:59:53.4
RAJ,    18:24:50.181
DECJ,    -13:50:21.0
RAJ,    18:24:57.387
DECJ,    -14:23:05.3
RAJ,    18:24:14.10
DECJ,    -15:00:33
RAJ,    18:24:10.32
DECJ,    -22:33:11
RAJ,    18:24:28.64
DECJ,    -23:28:17
RAJ,    18:24:32.00788
DECJ,    -24:52:10.834
RAJ,    18:24:32.81
DECJ,    -24:52:11.20
RAJ,    18:24:32.81
DECJ,    -24:52:11.20
RAJ,    18:24:32.81
DECJ,    -24:52:11.20
RAJ,    18:24:32.81
DECJ,    -24:52:11.20
RAJ,    18:24:32.81
DECJ,    -24:52:11.20
RAJ,    18:24:32.81
DECJ,    -24:52:11.20
RAJ,    18:24:32.81
DECJ,    -24:52:11.20
RAJ,    18:24:32.53
DECJ,    -24:52:08.6
RAJ,    18:24:32.81
DECJ,    -24:52:11.20
RAJ,    18:24:32.81
DECJ,    -24:52:11.20
RAJ,    18:24:32.81
DECJ,    -24:52:11.20
RAJ,    18:24:30.587
DECJ,    -25:37:19
RAJ,    18:25:55.9531
DECJ,    -03:19:57.570
RAJ,    18:25:30.629
DECJ,    -09:35:22.3
RAJ,    18:25:18.3
DECJ,    -11:08:54
RAJ,    18:25:58
DECJ,    -31:02:20
RAJ,    18:26:02
DECJ,    -33:21
RAJ,    18:26:08.53
DECJ,    -12:56:33.0
RAJ,    18:26:13.175
DECJ,    -13:34:46.8
RAJ,    18:26:42.391
DECJ,    -14:19:21.6
RAJ,    18:26:12.60
DECJ,    -15:26:03
RAJ,    18:27:02.735
DECJ,    -07:50:19.2
RAJ,    18:27:45.884
DECJ,    -09:34:16.4
RAJ,    18:28:20.715
DECJ,    -06:11:51.5
RAJ,    18:28:28.03
DECJ,    +06:25:00.5
RAJ,    18:28:30.356
DECJ,    -10:07:10.1
RAJ,    18:28:33.21
DECJ,    -10:57:26
RAJ,    18:28:18.849
DECJ,    -11:01:50.9
RAJ,    18:28:42.85
DECJ,    -13:36:45
RAJ,    18:28:53.338
DECJ,    +13:59:35.36
RAJ,    18:28:21.56
DECJ,    -21:19:56
RAJ,    18:29:47.14
DECJ,    +00:00:08.5
RAJ,    18:29:05.37
DECJ,    -07:34:22
RAJ,    18:29:06.06
DECJ,    -10:11:25
RAJ,    18:29:34.6668
DECJ,    +24:56:18.193
RAJ,    18:30:30.70
DECJ,    -00:52:54.0
RAJ,    18:30:19.612
DECJ,    -01:31:48.1
RAJ,    18:30:06
DECJ,    -10:39
RAJ,    18:30:01.72
DECJ,    -11:35:32
RAJ,    18:30:41.98
DECJ,    -13:13:16.2
RAJ,    18:30:00.35
DECJ,    -14:14:37
RAJ,    18:31:36.334
DECJ,    -08:23:23.9
RAJ,    18:31:34.304
DECJ,    -09:52:01.7
RAJ,    18:31:12.83
DECJ,    -12:23:31
RAJ,    18:31:55.96
DECJ,    -13:29:56
RAJ,    18:31:29.10
DECJ,    -14:23:46
RAJ,    18:32:50.7
DECJ,    +00:29:27
RAJ,    18:32:42.67
DECJ,    -06:44:01.8
RAJ,    18:32:27.5936
DECJ,    -08:36:54.98
RAJ,    18:32:30
DECJ,    -28:43
RAJ,    18:33:05.411
DECJ,    -02:09:16.4
RAJ,    18:33:38.88
DECJ,    -05:56:05
RAJ,    18:33:07.60
DECJ,    -05:59:25
RAJ,    18:33:44.37
DECJ,    -08:31:07.7
RAJ,    18:33:33.57
DECJ,    -10:34:07.5
RAJ,    18:33:58.40
DECJ,    -10:55:31
RAJ,    18:33:14.8
DECJ,    -60:23:04
RAJ,    18:34:51.093
DECJ,    -00:31:34.3
RAJ,    18:34:37.97
DECJ,    -06:02:35
RAJ,    18:34:29.25
DECJ,    -06:33:01.1
RAJ,    18:34:16.00
DECJ,    -07:31:07
RAJ,    18:34:31.32
DECJ,    -07:42:20.6
RAJ,    18:34:29.8
DECJ,    -08:12:00
RAJ,    18:34:52.118
DECJ,    -08:45:56.02
RAJ,    18:34:36
DECJ,    -09:15
RAJ,    18:34:27
DECJ,    +10:44
RAJ,    18:34:23.12
DECJ,    -12:02:26.4
RAJ,    18:34:53.401
DECJ,    -17:10:50
RAJ,    18:34:45.94
DECJ,    -18:55:59
RAJ,    18:35:21.9179
DECJ,    -01:14:33.61
RAJ,    18:35:12.946
DECJ,    -03:49:09.9
RAJ,    18:35:08.12
DECJ,    -05:22:08
RAJ,    18:35:38.02
DECJ,    -09:24:27
RAJ,    18:35:21.822
DECJ,    -09:24:15.9
RAJ,    18:35:22.22
DECJ,    -09:28:02
RAJ,    18:35:46.66
DECJ,    -09:44:29
RAJ,    18:35:44.86
DECJ,    -09:46:38
RAJ,    18:35:57.551
DECJ,    -10:20:04.8
RAJ,    18:35:18.287
DECJ,    -11:06:15.1
RAJ,    18:35:50.33
DECJ,    -15:48:38
RAJ,    18:35:44
DECJ,    -32:59:25
RAJ,    18:36:25.20
DECJ,    -05:17:35
RAJ,    18:36:06
DECJ,    -11:17
RAJ,    18:36:52.287
DECJ,    -13:24:33.6
RAJ,    18:36:25.4452
DECJ,    -23:54:52.39
RAJ,    18:36:24.351
DECJ,    -23:54:28.7
RAJ,    18:36:13.674
DECJ,    +59:25:30.15
RAJ,    18:37:28.45
DECJ,    +00:53:13
RAJ,    18:37:23.663
DECJ,    -05:59:28.3
RAJ,    18:37:43.55
DECJ,    -06:04:49
RAJ,    18:37:43
DECJ,    -08:20:04
RAJ,    18:37:07.12
DECJ,    +12:21:54.0
RAJ,    18:37:09.41
DECJ,    -12:43:56
RAJ,    18:37:54.25
DECJ,    -18:37:08
RAJ,    18:38:30
DECJ,    -01:01
RAJ,    18:38:39.423
DECJ,    -01:07:48.64
RAJ,    18:38:11.19
DECJ,    -04:53:23
RAJ,    18:38:56.02
DECJ,    -05:37:09
RAJ,    18:38:38.09
DECJ,    -05:49:12
RAJ,    18:38:51.78
DECJ,    -06:24:54
RAJ,    18:38:03.13
DECJ,    -06:55:33.4
RAJ,    18:38:26.48
DECJ,    -10:46:57
RAJ,    18:38:43.062
DECJ,    +16:50:16.05
RAJ,    18:38:33.79
DECJ,    -18:49:59
RAJ,    18:39:53
DECJ,    -01:36
RAJ,    18:39:58.032
DECJ,    -02:23:09.5
RAJ,    18:39:37.515
DECJ,    -03:21:10.5
RAJ,    18:39:56.583
DECJ,    -03:32:58.6
RAJ,    18:39:51.06
DECJ,    -04:02:24.9
RAJ,    18:39:00.064
DECJ,    -04:36:57.5
RAJ,    18:39:42.619
DECJ,    -04:59:58.8
RAJ,    18:39:20.46
DECJ,    -06:27:34
RAJ,    18:39:09.803
DECJ,    -06:43:45.2
RAJ,    18:39:53.458
DECJ,    -09:05:14.8
RAJ,    18:39:43.708
DECJ,    -12:38:40.7
RAJ,    18:39:00
DECJ,    15:00:00
RAJ,    18:40:34.087
DECJ,    +02:14:54.7
RAJ,    18:40:49
DECJ,    -04:38:27
RAJ,    18:40:23.18
DECJ,    -05:59:16.2
RAJ,    18:40:16.31
DECJ,    -06:26:15.4
RAJ,    18:40:09.44
DECJ,    -06:43:47
RAJ,    18:40:47.6
DECJ,    -07:53:32
RAJ,    18:40:33.364
DECJ,    -08:09:03.3
RAJ,    18:40:13.775
DECJ,    -08:15:10.6
RAJ,    18:40:51.9
DECJ,    -08:40:29
RAJ,    18:40:24.066
DECJ,    -11:22:10.7
RAJ,    18:40:53.782
DECJ,    -12:07:32.6
RAJ,    18:40:32.96
DECJ,    -14:19:05
RAJ,    18:40:44.608
DECJ,    56:40:55.47
RAJ,    18:41:17.761
DECJ,    +01:30:16.9
RAJ,    18:41:56.207
DECJ,    -01:57:54.6
RAJ,    18:41:25.89
DECJ,    -03:10:21
RAJ,    18:41:38.68
DECJ,    -03:48:42.6
RAJ,    18:41:05.663
DECJ,    -04:25:19.50
RAJ,    18:41:19.343
DECJ,    -04:56:11.16
RAJ,    18:41:18.14
DECJ,    -05:00:19.5
RAJ,    18:41:49.32
DECJ,    -05:24:29.5
RAJ,    18:41:34.3
DECJ,    -14:04:19
RAJ,    18:41:25.9
DECJ,    -78:45:15
RAJ,    18:42:57.870
DECJ,    -01:53:26.7
RAJ,    18:42:30.93
DECJ,    +02:57:58.8
RAJ,    18:42:19.02
DECJ,    -03:09:46
RAJ,    18:42:17.022
DECJ,    +03:58:35.3
RAJ,    18:42:11.289
DECJ,    -04:15:38.2
RAJ,    18:42:43.05
DECJ,    -06:12:36
RAJ,    18:42:10.002
DECJ,    +06:38:15.0
RAJ,    18:42:54.943
DECJ,    -08:00:53.5
RAJ,    18:42:22.138
DECJ,    -09:05:24.6
RAJ,    18:42:29.96
DECJ,    +13:32:01.5
RAJ,    18:43:27.962
DECJ,    -00:00:40.9
RAJ,    18:43:36.72
DECJ,    -00:50:10
RAJ,    18:43:12.63
DECJ,    -01:37:46.3
RAJ,    18:43:30.328
DECJ,    -02:11:02.8
RAJ,    18:43:06.67
DECJ,    -03:55:56
RAJ,    18:43:43.44
DECJ,    -04:08:04
RAJ,    18:43:27.643
DECJ,    -04:59:30.4
RAJ,    18:43:09.732
DECJ,    -05:10:04.5
RAJ,    18:43:22.441
DECJ,    -07:02:54.6
RAJ,    18:43:05.487
DECJ,    -07:44:30.1
RAJ,    18:43:28.715
DECJ,    -08:06:44.9
RAJ,    18:43:41.26225
DECJ,    -11:13:31.052
RAJ,    18:43:01.3750
DECJ,    -14:48:12.61
RAJ,    18:43:33.607
DECJ,    -15:07:03.0
RAJ,    18:43:26.18
DECJ,    +20:24:54.6
RAJ,    18:44:11
DECJ,    +00:35
RAJ,    18:44:41.099
DECJ,    -00:30:25.8
RAJ,    18:44:40.5474
DECJ,    +01:15:34.974
RAJ,    18:44:53
DECJ,    -02:56
RAJ,    18:44:54.68
DECJ,    -02:56:53.1
RAJ,    18:44:06.918
DECJ,    -03:02:11.2
RAJ,    18:44:45.48
DECJ,    -03:10:37.1
RAJ,    18:44:01.54
DECJ,    -04:52:20.9
RAJ,    18:44:33.96
DECJ,    -05:02:00.5
RAJ,    18:44:54.8946
DECJ,    14:54:14.12
RAJ,    18:45:52.9
DECJ,    -03:16:05
RAJ,    18:45:38.49
DECJ,    -05:45:18.2
RAJ,    18:45:08.59
DECJ,    +06:23:57.6
RAJ,    18:45:07.406
DECJ,    -06:35:23.4
RAJ,    18:45:57.18
DECJ,    -07:43:38.4
RAJ,    18:45:05.693
DECJ,    -08:26:39.7
RAJ,    18:45:45.778
DECJ,    -11:14:11.0
RAJ,    18:45:11.50
DECJ,    -13:51:54.5
RAJ,    18:46:43.821
DECJ,    +00:51:39.0
RAJ,    18:46:15.49
DECJ,    -02:57:36.0
RAJ,    18:46:24.94
DECJ,    -02:58:30.1
RAJ,    18:46:19.744
DECJ,    -07:49:21.4
RAJ,    18:46:07.999
DECJ,    -07:49:13.2
RAJ,    18:46:26.0
DECJ,    +09:19:46
RAJ,    18:46:13.78
DECJ,    -74:03:04
RAJ,    18:47:35.21
DECJ,    -01:30:46
RAJ,    18:47:18.86
DECJ,    -04:27:59
RAJ,    18:47:37.925
DECJ,    -04:38:15.3
RAJ,    18:47:51.85
DECJ,    -04:43:36.2
RAJ,    18:47:21.071
DECJ,    -06:05:14.1
RAJ,    18:48:37.89
DECJ,    -00:23:17
RAJ,    18:48:45.50
DECJ,    -00:55:53
RAJ,    18:48:42.24
DECJ,    +03:51:35.7
RAJ,    18:48:15.01
DECJ,    -05:11:38
RAJ,    18:48:20.349
DECJ,    -06:01:07.7
RAJ,    18:48:54.622
DECJ,    +06:04:46.8
RAJ,    18:48:56.01
DECJ,    06:47:31.7
RAJ,    18:48:43.77
DECJ,    +08:26:35.9
RAJ,    18:48:11.81
DECJ,    -11:50:09.2
RAJ,    18:48:02
DECJ,    -12:47
RAJ,    18:48:30
DECJ,    +12:50
RAJ,    18:49:01.61
DECJ,    -00:01:17.6
RAJ,    18:49:10.25
DECJ,    -00:40:20
RAJ,    18:49:44.18
DECJ,    +01:27:23
RAJ,    18:49:57.85
DECJ,    -03:17:31
RAJ,    18:49:03.471
DECJ,    +04:09:42.3
RAJ,    18:49:45.157
DECJ,    -06:14:31.5
RAJ,    18:49:34.6763
DECJ,    +24:23:45.976
RAJ,    18:50:47.93
DECJ,    -00:06:26.1
RAJ,    18:50:14.714
DECJ,    -00:26:11.6
RAJ,    18:50:45.144
DECJ,    +00:26:25.6
RAJ,    18:50:33.39
DECJ,    -00:31:09
RAJ,    18:50:01.0139
DECJ,    +01:24:34.61
RAJ,    18:50:41.683
DECJ,    +02:42:57.44
RAJ,    18:50:23.43
DECJ,    +04:23:09.2
RAJ,    18:50:09
DECJ,    +15:32
RAJ,    18:51:55.093
DECJ,    -00:29:58.1
RAJ,    18:51:03.17
DECJ,    -00:53:07.3
RAJ,    18:51:16.41
DECJ,    -01:14:13.4
RAJ,    18:51:52.18
DECJ,    +01:18:59
RAJ,    18:51
DECJ,    +02:32
RAJ,    18:51:15.26
DECJ,    -02:41:31
RAJ,    18:52:42.78
DECJ,    +00:08:09.6
RAJ,    18:52:41.779
DECJ,    +00:13:57.1
RAJ,    18:52:46.6
DECJ,    +00:33:20.9
RAJ,    18:52:38.57
DECJ,    +00:40:19.8
RAJ,    18:52:17.15
DECJ,    -01:18:14.8
RAJ,    18:52:03.60
DECJ,    -01:27:23.4
RAJ,    18:52:32.6
DECJ,    +03:05:05
RAJ,    18:52:57.38
DECJ,    -06:35:57
RAJ,    18:53:23.018
DECJ,    -00:04:32.3
RAJ,    18:53:29.968
DECJ,    +00:11:29.7
RAJ,    18:53:32.66
DECJ,    +00:56:59
RAJ,    18:53
DECJ,    +03:00
RAJ,    18:53:04.36
DECJ,    +05:05:26.1
RAJ,    18:53:58.411
DECJ,    +05:45:55.26
RAJ,    18:53:25.422
DECJ,    -06:49:25.9
RAJ,    18:53:22.07
DECJ,    +08:53:17
RAJ,    18:53:57.318426
DECJ,    +13:03:44.0596
RAJ,    18:54
DECJ,    +00:00
RAJ,    18:54:02.98
DECJ,    +03:06:14
RAJ,    18:54:29.06
DECJ,    03:17:31
RAJ,    18:54:53.6
DECJ,    -15:57:22
RAJ,    18:55:42.046
DECJ,    +02:05:36.4
RAJ,    18:55:26.63
DECJ,    +03:07:20.2
RAJ,    18:55:41.37
DECJ,    +04:22:47
RAJ,    18:55:15.073
DECJ,    +05:27:40.7
RAJ,    18:55:17.72
DECJ,    +07:00:37.1
RAJ,    18:55:15.68
DECJ,    -09:41:02
RAJ,    18:56:28.503
DECJ,    +01:02:10.6
RAJ,    18:56:50.9
DECJ,    +02:45:47
RAJ,    18:56:26.6
DECJ,    +04:04:26
RAJ,    18:56:21.977
DECJ,    -05:26:56.8
RAJ,    18:56:35.41
DECJ,    -37:54:08
RAJ,    18:57:33.008
DECJ,    +01:43:47.0
RAJ,    18:57:40.90
DECJ,    +02:10:58
RAJ,    18:57:15.856
DECJ,    +05:26:28.7
RAJ,    18:57:09.31
DECJ,    +08:09:04.3
RAJ,    18:57:36.390848
DECJ,    +09:43:17.21458
RAJ,    18:57:26.45
DECJ,    -10:27:01
RAJ,    18:58
DECJ,    +02:00
RAJ,    18:58:17.43
DECJ,    +02:15:38
RAJ,    18:58:53.81
DECJ,    +02:41:38
RAJ,    18:58:22.36
DECJ,    +03:46:37.8
RAJ,    18:58:44.3
DECJ,    -07:37
RAJ,    18:58
DECJ,    -22:16
RAJ,    18:59:46
DECJ,    +00:35
RAJ,    18:59:45.76
DECJ,    +06:01:46.1
RAJ,    18:59:44.389
DECJ,    +15:26:11.0
RAJ,    18:59
DECJ,    +76:54
RAJ,    19:00:46.644
DECJ,    -00:51:08.4
RAJ,    19:00:38.60
DECJ,    +02:27:32.0
RAJ,    19:00:50.5548
DECJ,    +03:08:24.079
RAJ,    19:00:28.034
DECJ,    +06:34:20.9
RAJ,    19:00:14
DECJ,    -09:28:07
RAJ,    19:00:47.582
DECJ,    -26:00:43.8
RAJ,    19:00:18
DECJ,    +30:53
RAJ,    19:00:24.4
DECJ,    -79:51:48.2
RAJ,    19:01:32
DECJ,    +00:26
RAJ,    19:01:52.545
DECJ,    +01:24:49.3
RAJ,    19:01
DECJ,    +02:35
RAJ,    19:01:15.67
DECJ,    +02:54:41
RAJ,    19:01:59.6168
DECJ,    +03:00:23.324
RAJ,    19:01:15.675
DECJ,    -03:12:29.5
RAJ,    19:01:16.33
DECJ,    -03:15:14.3
RAJ,    19:01:03.01
DECJ,    +03:20:18
RAJ,    19:01:30.81
DECJ,    +03:55:58.9
RAJ,    19:01:10.3
DECJ,    +04:13:51
RAJ,    19:01:32.2
DECJ,    +04:35:23
RAJ,    19:01
DECJ,    +04:59
RAJ,    19:01:57.85
DECJ,    +05:10:34
RAJ,    19:01:05.96
DECJ,    +06:21:19
RAJ,    19:01:48.77
DECJ,    +13:06:48.3
RAJ,    19:01:18.03
DECJ,    -17:40:00
RAJ,    19:02
DECJ,    +02:00
RAJ,    19:02:50.26
DECJ,    +02:48:56
RAJ,    19:02:50.70
DECJ,    -03:40:18
RAJ,    19:02:50.277
DECJ,    +06:16:33.41
RAJ,    19:02:13.54
DECJ,    +07:23:51
RAJ,    19:02:18
DECJ,    -10:39:33
RAJ,    19:02:02.84821
DECJ,    -51:05:56.9695
RAJ,    19:02
DECJ,-70
RAJ,    19:03:30.343
DECJ,    -02:58:15.6
RAJ,    19:03:05.793213
DECJ,    +03:27:19.20911
RAJ,    19:03
DECJ,    +04:15
RAJ,    19:03:20.874
DECJ,    +06:01:34.0
RAJ,    19:03:11.271
DECJ,    -08:48:57.4
RAJ,    19:03:55.18
DECJ,    +09:25:55
RAJ,    19:03:52.95
DECJ,    +22:25:12.3
RAJ,    19:03:38.7935
DECJ,    -70:51:43.461
RAJ,    19:04:55.555
DECJ,    -01:50:32.5
RAJ,    19:04:31.382
DECJ,    +04:12:05.9
RAJ,    19:04:59.3848
DECJ,    +04:51:54.953
RAJ,    19:04:07.533
DECJ,    +07:38:51.69
RAJ,    19:04:03.50
DECJ,    +08:00:52.6
RAJ,    19:04:02.49
DECJ,    +10:11:34.6
RAJ,    19:04:45
DECJ,    -16:24:47
RAJ,    19:05:15.4
DECJ,    +01:54:33
RAJ,    19:05:28.273436
DECJ,    04:00:10.8830
RAJ,    19:05:04.35
DECJ,    +06:00:59.9
RAJ,    19:05:06.849
DECJ,    +06:16:16.7
RAJ,    19:05:19.535
DECJ,    +09:02:32.49
RAJ,    19:06
DECJ,    +00:55
RAJ,    19:06:57.793
DECJ,    +04:14:29.44
RAJ,    19:06:11.97
DECJ,    +06:49:48.1
RAJ,    19:06:31.20
DECJ,    +07:22:55.8
RAJ,    19:06
DECJ,    +07:25
RAJ,    19:06:48.86
DECJ,    +07:46:25.9
RAJ,    19:06:28.46
DECJ,    +09:12:56.6
RAJ,    19:06:44.71
DECJ,    +18:54:08.5
RAJ,    19:07:42.03
DECJ,    +02:49:41
RAJ,    19:07
DECJ,    +02:56
RAJ,    19:07:14.543
DECJ,    +03:45:10.6
RAJ,    19:07
DECJ,    +05:00
RAJ,    19:07:23.34
DECJ,    +05:34:53
RAJ,    19:07:54.74
DECJ,    +06:02:16.9
RAJ,    19:07:54.79
DECJ,    +07:31:21.9
RAJ,    19:07:44.118
DECJ,    +07:40:22.6
RAJ,    19:07:22.441
DECJ,    +09:18:30.76
RAJ,    19:07:14.33
DECJ,    09:19:20.1
RAJ,    19:07:37.78
DECJ,    +11:49:37.1
RAJ,    19:07:10.70
DECJ,    +12:47:35.9
RAJ,    19:07:06.78
DECJ,    -15:32:14.9
RAJ,    19:07:34.656
DECJ,    40:02:05.71
RAJ,    19:08:16.15
DECJ,    +04:57:41
RAJ,    19:08:05.162
DECJ,    +05:00:54.45
RAJ,    19:08:17.010
DECJ,    +07:34:14.36
RAJ,    19:08:18.51
DECJ,    +08:39:59.2
RAJ,    19:08:07.437
DECJ,    +09:09:12.4
RAJ,    19:08:58.76
DECJ,    +09:16:14
RAJ,    19:08:31.94
DECJ,    23:51:41.9
RAJ,    19:09:51.21
DECJ,    +06:16:51.8
RAJ,    19:09:29.052
DECJ,    +06:41:25.8
RAJ,    19:09:08.2
DECJ,    +07:49:32
RAJ,    19:09:19.91
DECJ,    +09:12:53.7
RAJ,    19:09
DECJ,    +11:48
RAJ,    19:09:26.96
DECJ,    +14:50:58
RAJ,    19:09:18.604
DECJ,    +18:59:10.74
RAJ,    19:09:47.434674
DECJ,    -37:44:14.46674
RAJ,    19:10:15.7
DECJ,    -01:12:06
RAJ,    19:10:10.359
DECJ,    +02:25:23.6
RAJ,    19:10:26.51
DECJ,    +05:34:09
RAJ,    19:10:18.597
DECJ,    +07:14:11.8
RAJ,    19:10:22.079
DECJ,    +07:28:37.09
RAJ,    19:10
DECJ,    +10:27
RAJ,    19:10:09.70145
DECJ,    +12:56:25.4869
RAJ,    19:11:42.75562
DECJ,    -59:58:26.9029
RAJ,    19:10:52.0556
DECJ,    -59:59:00.861
RAJ,    19:11:05.5552
DECJ,    -60:00:59.700
RAJ,    19:10:52.4163
DECJ,    -59:59:05.479
RAJ,    19:10:52.1572
DECJ,    -59:59:02.087
RAJ,    19:11:48
DECJ,    +00:37
RAJ,    19:11:11.08957
DECJ,    +01:02:09.741
RAJ,    19:11:12.5725
DECJ,    +01:01:50.44
RAJ,    19:11
DECJ,    +09:00
RAJ,    19:11
DECJ,    +10:00
RAJ,    19:11:49.2927
DECJ,    -11:14:22.33
RAJ,    19:11:55.2047
DECJ,    +13:47:34.411
RAJ,    19:11:55.390
DECJ,    +17:58:45.79
RAJ,    19:12:46.33
DECJ,    +10:36:41.6
RAJ,    19:12:18.626
DECJ,    +25:25:02.12
RAJ,    19:13:54.1735
DECJ,    -04:40:47.68
RAJ,    19:13:50.82
DECJ,    +04:46:06
RAJ,    19:13
DECJ,    +06:17
RAJ,    19:13:00.50
DECJ,    +08:32:05.1
RAJ,    19:13:21.061
DECJ,    +09:04:45.4
RAJ,    19:13:52.70
DECJ,    +09:36:41.8
RAJ,    19:13:03.59
DECJ,    +10:00:02.4
RAJ,    19:13:20.341
DECJ,    +10:11:22.97
RAJ,    19:13
DECJ,    +11:03
RAJ,    19:13:43.88
DECJ,    +11:45:33.1
RAJ,    19:13:17.975
DECJ,    +13:30:32.8
RAJ,    19:13:27.887
DECJ,    +37:32:12.30
RAJ,    19:14:23.794
DECJ,    +02:19:47.8
RAJ,    19:14:17.24
DECJ,    +06:31:56.3
RAJ,    19:14
DECJ,    +06:59
RAJ,    19:14:10.12
DECJ,    +11:22:03.7
RAJ,    19:15:02.122
DECJ,    +02:27:47.77
RAJ,    19:15:24.80
DECJ,    +07:38:31.4
RAJ,    19:15:01.94
DECJ,    +07:52:09.2
RAJ,    19:15:13.87
DECJ,    +08:38:59.7
RAJ,    19:15:29.984
DECJ,    +10:09:43.67
RAJ,    19:15
DECJ,    -11:30
RAJ,    19:15
DECJ,    +11:44
RAJ,    19:15
DECJ,    +11:49
RAJ,    19:15:35.416
DECJ,    +14:10:51.5
RAJ,    19:15:27.99928
DECJ,    +16:06:27.3871
RAJ,    19:16:51.5
DECJ,    +07:48:00
RAJ,    19:16:19.081
DECJ,    +08:44:07.0
RAJ,    19:16:24.6
DECJ,    +08:52:36
RAJ,    19:16:36.91
DECJ,    +10:23:03
RAJ,    19:16:11.72
DECJ,    +10:30:53.4
RAJ,    19:16:20.045
DECJ,    +12:25:53.94
RAJ,    19:17:48.853
DECJ,    +08:34:54.63
RAJ,    19:17:23.976
DECJ,    +17:37:31.6
RAJ,    19:18:48.033256
DECJ,    -06:42:34.8877
RAJ,    19:18:48.247
DECJ,    -10:52:46.38
RAJ,    19:18
DECJ,    +13:10
RAJ,    19:18:07.70
DECJ,    +15:41:15.2
RAJ,    19:19:50.663
DECJ,    00:21:39.8
RAJ,    19:19:43.62
DECJ,    +01:34:56.5
RAJ,    19:19:32.986
DECJ,    +13:14:37.3
RAJ,    19:19:09.243
DECJ,    +16:45:22.72
RAJ,    19:19:43.342
DECJ,    +17:45:03.79
RAJ,    19:20:49
DECJ,    -09:46:27
RAJ,    19:20:55.38
DECJ,    +10:40:31
RAJ,    19:20:13.31
DECJ,    +11:10:59
RAJ,    19:21:47.704
DECJ,    +08:12:51.86
RAJ,    19:21:46.4723
DECJ,    +15:44:17.46
RAJ,    19:21
DECJ,    +16:00
RAJ,    19:21:51.597
DECJ,    +20:03:20.8
RAJ,    19:21:44.815
DECJ,    21:53:02.25
RAJ,    19:21:56
DECJ,    +42:25
RAJ,    19:22:53.2180
DECJ,    +17:33:23.47
RAJ,    19:22
DECJ,    +58:28
RAJ,    19:23:07.85
DECJ,    +17:06:09.4
RAJ,    19:23:22.49331
DECJ,    +25:15:40.6164
RAJ,    19:24
DECJ,    +16:28
RAJ,    19:24:54.88
DECJ,    +16:31:48.8
RAJ,    19:24:03.1115
DECJ,    +16:39:40.756
RAJ,    19:24
DECJ,    +17:00
RAJ,    19:24:40
DECJ,    +20:40:03
RAJ,    19:25:06
DECJ,    -16:01:00
RAJ,    19:25
DECJ,    +17:21
RAJ,    19:25:26
DECJ,    +19:04
RAJ,    19:26:33.740
DECJ,    07:37:07.2
RAJ,    19:26:53.835
DECJ,    -13:14:03.8
RAJ,    19:26
DECJ,    +16:13
RAJ,    19:26:22.82
DECJ,    +19:28:11.7
RAJ,    19:26:18.064
DECJ,    +20:16:01.13
RAJ,    19:27:25.628
DECJ,    +09:11:05.7
RAJ,    19:27:10.422
DECJ,    +18:52:08.5
RAJ,    19:27:24.97
DECJ,    +18:56:36.8
RAJ,    19:27:08.08
DECJ,    +22:34:57.3
RAJ,    19:28:20
DECJ,    15:13
RAJ,    19:28:42.553
DECJ,    +17:46:29.62
RAJ,    19:28:05.163
DECJ,    +19:23:31.32
RAJ,    19:29:28
DECJ,    +00:26
RAJ,    19:29:18
DECJ,    +16:21
RAJ,    19:29:16.78
DECJ,    +18:44:59.5
RAJ,    19:29:32
DECJ,    +19:05
RAJ,    19:29:17.5713
DECJ,    +19:55:07.91
RAJ,    19:29:04.239
DECJ,    +21:21:22.68
RAJ,    19:29
DECJ,    +62:16
RAJ,    19:30:00.947
DECJ,    +13:16:11.1
RAJ,    19:30
DECJ,    +14:00
RAJ,    19:30:44
DECJ,    +17:25
RAJ,    19:30:29.7156
DECJ,    -18:51:46.27
RAJ,    19:30:30.13
DECJ,    +18:52:14.1
RAJ,    19:31
DECJ,    +14:40
RAJ,    19:31:55.71
DECJ,    +15:36:57.5
RAJ,    19:31:55.864
DECJ,    +19:52:11.5
RAJ,    19:31:28
DECJ,    +30:35
RAJ,    19:32:13.9497
DECJ,    10:59:32.420
RAJ,    19:32
DECJ,    +17:00
RAJ,    19:32:19.70
DECJ,    +19:16:39
RAJ,    19:32:06.150
DECJ,    -36:55:02.1
RAJ,    19:33:19.407
DECJ,    +07:58:07.01
RAJ,    19:33:22.529
DECJ,    +13:04:49.97
RAJ,    19:33
DECJ,    +17:26
RAJ,    19:33:32.4272
DECJ,    -62:11:46.881
RAJ,    19:34
DECJ,    +19:00
RAJ,    19:34:46.19
DECJ,    +23:52:55.9
RAJ,    19:35:15
DECJ,    +12:03
RAJ,    19:35:47.8259
DECJ,    +16:16:39.986
RAJ,    19:35:03.948
DECJ,    +17:26:28.46
RAJ,    19:35:29.97
DECJ,    +17:45:12.2
RAJ,    19:35:41.941
DECJ,    +20:25:40.1
RAJ,    19:34:55.68
DECJ,    +21:53:48.2
RAJ,    19:35
DECJ,    +52:12
RAJ,    19:36:01.52
DECJ,    +15:36:36.0
RAJ,    19:36
DECJ,    +20:00
RAJ,    19:36:29
DECJ,    +21:12
RAJ,    19:37:09
DECJ,    -00:17
RAJ,    19:37:16.31
DECJ,    +15:05:19
RAJ,    19:37:47.603
DECJ,    +29:50:01.8
RAJ,    19:37:53.46
DECJ,    06:50:06.0
RAJ,    19:38:08.34
DECJ,    +20:10:51.7
RAJ,    19:38
DECJ,    +20:12
RAJ,    19:38:14.180
DECJ,    +22:13:12.68
RAJ,    19:39:11
DECJ,    10:45
RAJ,    19:39:38.561213
DECJ,    +21:34:59.12628
RAJ,    19:40
DECJ,    +66:12
RAJ,    19:40
DECJ,    +22:46
RAJ,    19:40:35.486
DECJ,    +23:37:46.5
RAJ,    19:40:30
DECJ,    -24:03
RAJ,    19:41:16.039
DECJ,    01:21:39.5
RAJ,    19:41:32.334
DECJ,    +10:26:25.6
RAJ,    19:41:04.867
DECJ,    +13:41:30.4
RAJ,    19:41:20.80
DECJ,    +25:25:05.3
RAJ,    19:41:00.4070
DECJ,    -26:02:05.75
RAJ,    19:42
DECJ,    +43:23
RAJ,    19:42:01.03
DECJ,    +17:43:28.3
RAJ,    19:42
DECJ,    +81:06
RAJ,    19:43:29.132
DECJ,    +06:09:57.6
RAJ,    19:43:16.4910
DECJ,    +22:10:23.151
RAJ,    19:44:09.32895
DECJ,    +09:07:23.0593
RAJ,    19:44
DECJ,    -10:17
RAJ,    19:44:31.80
DECJ,    +17:55:42.4
RAJ,    19:44:01.0707
DECJ,    +22:36:22.62
RAJ,    19:45:55
DECJ,    +07:17
RAJ,    19:45:36.10
DECJ,    +18:34:20.1
RAJ,    19:46:57.829
DECJ,    -13:12:36.4
RAJ,    19:46:53.044
DECJ,    18:05:41.24
RAJ,    19:46:24.89
DECJ,    +22:44:59.4
RAJ,    19:46:00
DECJ,    23:58
RAJ,    19:46:49.10
DECJ,    +25:35:51.5
RAJ,    19:46:45.81
DECJ,    +26:11:49.2
RAJ,    19:46:51.734
DECJ,    -29:13:47.1
RAJ,    19:46:25.13182
DECJ,    +34:17:14.677
RAJ,    19:46:24
DECJ,    -54:02
RAJ,    19:47:46.22
DECJ,    +09:15:08.0
RAJ,    19:47:36
DECJ,    +10:44
RAJ,    19:47:19.435
DECJ,    +19:57:08.39
RAJ,    19:47:06
DECJ,    -42:15
RAJ,    19:48:17.579
DECJ,    +25:51:51.95
RAJ,    19:48:25.0067
DECJ,    35:40:11.057
RAJ,    19:49:07.32
DECJ,    +23:06:55.5
RAJ,    19:49:29.63851
DECJ,    +31:06:03.8289
RAJ,    19:50:58
DECJ,    +05:35
RAJ,    19:50:45.06390
DECJ,    +24:14:56.9638
RAJ,    19:51:08.25
DECJ,    +11:23:25.2
RAJ,    19:52:36.8401
DECJ,    +26:30:28.073
RAJ,    19:52:58.206
DECJ,    +32:52:40.51
RAJ,    19:53:47.47
DECJ,    +11:49:42.6
RAJ,    19:53:46
DECJ,    +18:46:42
RAJ,    19:53:07.80
DECJ,    +27:32:48.2
RAJ,    19:53
DECJ,    +67:02
RAJ,    19:54:19.15
DECJ,    +28:36:06
RAJ,    19:54:22.554
DECJ,    29:23:17.29
RAJ,    19:55
DECJ,    +43:50
RAJ,    19:55:59.39523
DECJ,    +25:27:03.443
RAJ,    19:55:27.87569
DECJ,    +29:08:43.4563
RAJ,    19:55:18.7637
DECJ,    50:59:55.292
RAJ,    19:56:52.26
DECJ,    +08:38:16.8
RAJ,    19:56
DECJ,    -27:53
RAJ,    19:57
DECJ,    +25:16
RAJ,    19:57:38.9
DECJ,    +50:33:18
RAJ,    19:58:40.07
DECJ,    +28:45:54
RAJ,    19:59:36.76988
DECJ,    +20:48:15.1222
RAJ,    19:59:38.03
DECJ,    +36:20:29.1
RAJ,    20:02
DECJ,    +42:43
RAJ,    20:02:47.77
DECJ,    +16:37:16.7
RAJ,    20:02:58
DECJ,    +30:35
RAJ,    20:04:46.97
DECJ,    +34:29:17.7
RAJ,    20:05:17.493
DECJ,    +35:47:25.4
RAJ,    20:05:47.50
DECJ,    +35:52:24.3
RAJ,    20:06:11.0
DECJ,    +31:02:03
RAJ,    20:07:13.5
DECJ,    +08:09:33
RAJ,    20:07:58.1031
DECJ,    +09:10:12.93
RAJ,    20:07
DECJ,    +20:21
RAJ,    20:07:15.8288
DECJ,    27:22:47.914
RAJ,    20:07:09.012
DECJ,    +31:20:51.54
RAJ,    20:08:35.482
DECJ,    +25:13:30.36
RAJ,    20:09:49.16
DECJ,    +33:26:10.2
RAJ,    20:10:45.920937
DECJ,    -13:23:56.0755
RAJ,    20:10:05.068
DECJ,    +28:45:29.17
RAJ,    20:10:26.50
DECJ,    +32:30:07.3
RAJ,    20:11:04.926
DECJ,    +33:31:24.64
RAJ,    20:12:46.6
DECJ,    -20:29:31
RAJ,    20:13:17.7507
DECJ,    -06:49:05.39
RAJ,    20:13:34.253
DECJ,    +30:58:50.69
RAJ,    20:13:10.367
DECJ,    38:45:43.31
RAJ,    20:15:12.70
DECJ,    +25:24:31.3
RAJ,    20:16:57.44349
DECJ,    19:47:51.5882
RAJ,    20:17:22.70503
DECJ,    +06:03:05.5686
RAJ,    20:17:28.938
DECJ,    +20:43:31.90
RAJ,    20:18
DECJ,    +59:13
RAJ,    20:18:03.8333
DECJ,    28:39:54.212
RAJ,    20:18:53.196
DECJ,    +34:31:00.51
RAJ,    20:19:31.94900
DECJ,    +24:25:15.3038
RAJ,    20:21:05.46
DECJ,    +36:51:04.8
RAJ,    20:21:29.99
DECJ,    +40:26:45.1
RAJ,    20:22:37.0671
DECJ,    28:54:23.104
RAJ,    20:22:21.689
DECJ,    +38:42:14.82
RAJ,    20:22:49.8730
DECJ,    51:54:50.233
RAJ,    20:24
DECJ,48
RAJ,    20:27:16.690
DECJ,    +21:46:04.43
RAJ,    20:27:16.233
DECJ,    +45:57:57.08
RAJ,    20:28
DECJ,    +74:47
RAJ,    20:28:19.860
DECJ,    +33:32:04.36
RAJ,    20:30:00.261
DECJ,    +36:41:27.15
RAJ,    20:30:51.35
DECJ,    +44:15:38.1
RAJ,    20:30
DECJ,55
RAJ,    20:32:13.107
DECJ,    +41:27:24.36
RAJ,    20:33:31.11
DECJ,    00:42:22.0
RAJ,    20:33:27.51720
DECJ,    17:34:58.6380
RAJ,    20:33:55.4
DECJ,    -19:38:59
RAJ,    20:36:46.363
DECJ,    +28:35:10.44
RAJ,    20:37:14.54
DECJ,    +19:42:54.3
RAJ,    20:38
DECJ,35
RAJ,    20:38:54.19
DECJ,    -38:16:11.9
RAJ,    20:40:17.865
DECJ,    +16:57:30.46
RAJ,    20:43:20.882230
DECJ,    +17:11:28.92694
RAJ,    20:43:43.5
DECJ,    +27:40:56
RAJ,    20:43
DECJ,    +70:45
RAJ,    20:44:58.8
DECJ,    +46:14:54
RAJ,    20:45:47.3438
DECJ,    +09:12:29.16
RAJ,    20:46:00.157
DECJ,    -04:21:26.0
RAJ,    20:46:39.349
DECJ,    15:40:33.61
RAJ,    20:47
DECJ,    +10:53
RAJ,    20:47:54.6400
DECJ,    +50:29:38.17
RAJ,    20:48:35.640637
DECJ,    -16:16:44.55350
RAJ,    20:48:45.868
DECJ,    +22:55:05.31
RAJ,    20:50:00
DECJ,    +13:01
RAJ,    20:51:07.5145
DECJ,    -08:27:37.795
RAJ,    20:53:47.14
DECJ,    -72:00:42.2
RAJ,    20:55:48.8
DECJ,    +25:40:02
RAJ,    20:55:31.3521
DECJ,    +36:30:21.469
RAJ,    21:02
DECJ,38
RAJ,    21:06
DECJ,    +28:29
RAJ,    21:05:12.93
DECJ,    +62:23:05.5
RAJ,    21:08:30.49
DECJ,    -34:29:37.9
RAJ,    21:08:20.482
DECJ,    44:41:48.87
RAJ,    21:11:33.13
DECJ,    21:06:07.0
RAJ,    21:11
DECJ,40
RAJ,    21:11:24.13
DECJ,    +46:06:31.3
RAJ,    21:13:04.3895
DECJ,    27:54:02.29
RAJ,    21:14
DECJ,    +67:02
RAJ,    21:16:13.752
DECJ,    14:14:21.04
RAJ,    21:23
DECJ,    +54:33
RAJ,    21:24:43.849372
DECJ,    -33:58:44.8500
RAJ,    21:27:31.28
DECJ,    -66:48:28.1
RAJ,    21:29
DECJ,    -04:00
RAJ,    21:29:58.246512
DECJ,    +12:10:01.2339
RAJ,    21:29:58.632
DECJ,    +12:10:00.31
RAJ,    21:30:01.2042
DECJ,    +12:10:38.209
RAJ,    21:29:58.274
DECJ,    +12:09:59.74
RAJ,    21:29:58.187
DECJ,    +12:10:08.63
RAJ,    21:29:57.178
DECJ,    +12:10:02.91
RAJ,    21:29:57.95
DECJ,    +12:09:57.3
RAJ,    21:29:58.184
DECJ,    +12:09:59.43
RAJ,    21:29:22.766966
DECJ,    -57:21:14.21183
RAJ,    21:36:00.22
DECJ,    -16:06:13.0
RAJ,    21:37
DECJ,    +64:19
RAJ,    21:38
DECJ,    +49:11
RAJ,    21:39:42
DECJ,    +00:36
RAJ,    21:39:26.90
DECJ,    22:42:42.0
RAJ,    21:39:55.95
DECJ,    +47:16:13
RAJ,    21:40:22.40610
DECJ,    -23:10:48.7936
RAJ,    21:40:22
DECJ,    -23:10:47
RAJ,    21:43:3.38
DECJ,    +06:54:17.53
RAJ,    21:44:12.060404
DECJ,    -39:33:56.88504
RAJ,    21:44:39.20
DECJ,    -52:37:32.1
RAJ,    21:45:50.46148
DECJ,    -07:50:18.4759
RAJ,    21:49:58.59
DECJ,    +63:29:43.5
RAJ,    21:51:28.9
DECJ,    23:15:12.8
RAJ,    21:55:15.82
DECJ,    28:13:12.1
RAJ,    21:55:01.4
DECJ,    -56:41:57
RAJ,    21:56:23.704
DECJ,    +26:18:30.47
RAJ,    21:57:01.8495
DECJ,    +40:17:45.986
RAJ,    22:03
DECJ,50
RAJ,    22:04:40
DECJ,    +27:02:00
RAJ,    22:05:17.247
DECJ,    +14:44:31.3
RAJ,    22:06:18.119
DECJ,    +61:51:58.10
RAJ,    22:07
DECJ,    +40:57
RAJ,    22:08:23.72
DECJ,    +55:00:08.41
RAJ,    22:11
DECJ,    +57:29
RAJ,    22:13
DECJ,53
RAJ,    22:14:38.85097
DECJ,    +30:00:38.1976
RAJ,    22:15:39.653
DECJ,    +15:38:34.88
RAJ,    22:15:32.6884
DECJ,    51:35:36.340
RAJ,    22:16:05.22
DECJ,    +57:59:53.7
RAJ,    22:17:55.03
DECJ,    +57:33:04.0
RAJ,    22:19:48.139
DECJ,    47:54:53.93
RAJ,    22:22:05.969101
DECJ,    -01:37:15.72441
RAJ,    22:22
DECJ,56
RAJ,    22:24:48
DECJ,    +35:30
RAJ,    22:25:52.721
DECJ,    +65:35:35.58
RAJ,    22:27:30
DECJ,    30:36
RAJ,    22:29:50.8864
DECJ,    26:43:57.785
RAJ,    22:29:05.28
DECJ,    +61:14:09.3
RAJ,    22:29
DECJ,    +64:58
RAJ,    22:34:22
DECJ,    +06:11:00
RAJ,    22:34:56.64
DECJ,    +21:14:18.8
RAJ,    22:35:43.7001
DECJ,    +15:06:49.060
RAJ,    22:36:51.8510
DECJ,    -55:27:48.833
RAJ,    22:38:28.27
DECJ,    +59:03:40.8
RAJ,    22:38
DECJ,    +60:21
RAJ,    22:40:42.939
DECJ,    +58:32:37.52
RAJ,    22:41:42.01850
DECJ,    -52:36:36.2260
RAJ,    22:43:09.768
DECJ,    15:18:25.11
RAJ,    22:44
DECJ,    +69:40
RAJ,    22:44
DECJ,63
RAJ,    22:53:14.533
DECJ,    +15:16:37.83
RAJ,    22:56:56.39
DECJ,    -10:24:34.37
RAJ,    23:01:08.29
DECJ,    58:52:44.45
RAJ,    23:02:46.97878
DECJ,    +44:42:22.0927
RAJ,    23:02:11.20
DECJ,    60:28:00.22
RAJ,    23:05:58.324
DECJ,    31:00:01.76
RAJ,    23:05:55.842
DECJ,    +47:07:45.32
RAJ,    23:07:41.288
DECJ,    +22:25:50.12
RAJ,    23:08:13.822
DECJ,    55:47:36.03
RAJ,    23:11
DECJ,    +67:05
RAJ,    23:13:08.6209
DECJ,    +42:53:13.043
RAJ,    23:15
DECJ,58
RAJ,    23:17
DECJ,    +69:12
RAJ,    23:17:09.236644
DECJ,    +14:39:31.2555
RAJ,    23:19:35.210
DECJ,    +64:11:25.755
RAJ,    23:22:22.35595
DECJ,    +20:57:02.939
RAJ,    23:24:26.98
DECJ,    -60:54:06.1
RAJ,    23:25:15.3
DECJ,    -05:30:39
RAJ,    23:26
DECJ,61
RAJ,    23:29:50
DECJ,    +16:57
RAJ,    23:30:26.885
DECJ,    -20:05:29.63
RAJ,    23:33:19.448
DECJ,    +61:45:30.09
RAJ,    23:37:05.762
DECJ,    +61:51:01.53
RAJ,    23:39:38.74
DECJ,    -05:33:05.32
RAJ,    23:40:45
DECJ,    08:33:00
RAJ,    23:43
DECJ,    +62:21
RAJ,    23:52
DECJ,65
RAJ,    23:54
DECJ,    +85:34
RAJ,    23:54:04.724
DECJ,    61:55:46.79
